"group_plant_code","group_plant_name","plant_code","plant_name","breed_code","breed_name","breed_characteristic"
"01","ข้าว","011000","ข้าวนาปี","011000","ข้าวนาปี","เมล็ดข้าวเปลือกแห้งที่ผ่านการนวดแล้ว"
"01","ข้าว","011000","ข้าวนาปี","011100","ข้าวพื้นเมือง","เมล็ดข้าวเปลือกแห้งที่ผ่านการนวดแล้ว"
"01","ข้าว","011000","ข้าวนาปี","011101","ข้าวเหลืองประทิว 123","เมล็ดข้าวเปลือกแห้งที่ผ่านการนวดแล้ว"
"01","ข้าว","011000","ข้าวนาปี","011102","ข้าวขาวตาแห้ง","เมล็ดข้าวเปลือกแห้งที่ผ่านการนวดแล้ว"
"01","ข้าว","011000","ข้าวนาปี","011103","ข้าวสังข์หยด","เมล็ดข้าวเปลือกแห้งที่ผ่านการนวดแล้ว"
"01","ข้าว","011000","ข้าวนาปี","011104","ข้าวเฉี้ยงพัทลุง","เมล็ดข้าวเปลือกแห้งที่ผ่านการนวดแล้ว"
"01","ข้าว","011000","ข้าวนาปี","011105","ข้าวพลายงามปราจีนบุรี","เมล็ดข้าวเปลือกแห้งที่ผ่านการนวดแล้ว"
"01","ข้าว","011000","ข้าวนาปี","011106","ข้าวเจ๊กเชย","เมล็ดข้าวเปลือกแห้งที่ผ่านการนวดแล้ว"
"01","ข้าว","011000","ข้าวนาปี","011107","ข้าวเล็บนกปัตตานี","เมล็ดข้าวเปลือกแห้งที่ผ่านการนวดแล้ว"
"01","ข้าว","011000","ข้าวนาปี","011108","ข้าวเจ้าแดง","เมล็ดข้าวเปลือกแห้งที่ผ่านการนวดแล้ว"
"01","ข้าว","011000","ข้าวนาปี","011109","ข้าวน้ำย้อย","เมล็ดข้าวเปลือกแห้งที่ผ่านการนวดแล้ว"
"01","ข้าว","011000","ข้าวนาปี","011110","ข้าวหอมนิล","เมล็ดข้าวเปลือกแห้งที่ผ่านการนวดแล้ว"
"01","ข้าว","011000","ข้าวนาปี","011111","ข้าวหอมสกล","เมล็ดข้าวเปลือกแห้งที่ผ่านการนวดแล้ว"
"01","ข้าว","011000","ข้าวนาปี","011112","ข้าวแม่เป๊ด","เมล็ดข้าวเปลือกแห้งที่ผ่านการนวดแล้ว"
"01","ข้าว","011000","ข้าวนาปี","011113","ข้าวเจ้าเหลือง 11","เมล็ดข้าวเปลือกแห้งที่ผ่านการนวดแล้ว"
"01","ข้าว","011000","ข้าวนาปี","011114","ข้าวดัก 2","เมล็ดข้าวเปลือกแห้งที่ผ่านการนวดแล้ว"
"01","ข้าว","011000","ข้าวนาปี","011115","ข้าวสุพรรณ 35","เมล็ดข้าวเปลือกแห้งที่ผ่านการนวดแล้ว"
"01","ข้าว","011000","ข้าวนาปี","011199","ข้าวพื้นเมืองอื่นๆ","เมล็ดข้าวเปลือกแห้งที่ผ่านการนวดแล้ว"
"01","ข้าว","011000","ข้าวนาปี","011200","ข้าวเหนียว ไวแสง","เมล็ดข้าวเปลือกแห้งที่ผ่านการนวดแล้ว"
"01","ข้าว","011000","ข้าวนาปี","011201","ข้าวเหนียวสันป่าตอง","เมล็ดข้าวเปลือกแห้งที่ผ่านการนวดแล้ว"
"01","ข้าว","011000","ข้าวนาปี","011202","ข้าวเหนียวเขี้ยวงู","เมล็ดข้าวเปลือกแห้งที่ผ่านการนวดแล้ว"
"01","ข้าว","011000","ข้าวนาปี","011203","ข้าว กข 6","เมล็ดข้าวเปลือกแห้งที่ผ่านการนวดแล้ว"
"01","ข้าว","011000","ข้าวนาปี","011204","ข้าวเหนียวอุบล 1","เมล็ดข้าวเปลือกแห้งที่ผ่านการนวดแล้ว"
"01","ข้าว","011000","ข้าวนาปี","011205","ข้าวเหนียวอุบล 2","เมล็ดข้าวเปลือกแห้งที่ผ่านการนวดแล้ว"
"01","ข้าว","011000","ข้าวนาปี","011206","ข้าว กข 8","เมล็ดข้าวเปลือกแห้งที่ผ่านการนวดแล้ว"
"01","ข้าว","011000","ข้าวนาปี","011207","ข้าว กข 12 (หนองคาย 80)","เมล็ดข้าวเปลือกแห้งที่ผ่านการนวดแล้ว"
"01","ข้าว","011000","ข้าวนาปี","011208","ข้าวหลวงสันป่าตอง","เมล็ดข้าวเปลือกแห้งที่ผ่านการนวดแล้ว"
"01","ข้าว","011000","ข้าวนาปี","011299","ข้าวเหนียวไวแสงอื่นๆ","เมล็ดข้าวเปลือกแห้งที่ผ่านการนวดแล้ว"
"01","ข้าว","011000","ข้าวนาปี","011300","ข้าวเหนียว ไม่ไวแสง","เมล็ดข้าวเปลือกแห้งที่ผ่านการนวดแล้ว"
"01","ข้าว","011000","ข้าวนาปี","011301","ข้าวเหนียวสกลนคร","เมล็ดข้าวเปลือกแห้งที่ผ่านการนวดแล้ว"
"01","ข้าว","011000","ข้าวนาปี","011302","ข้าวเหนียวสันป่าตอง 1","เมล็ดข้าวเปลือกแห้งที่ผ่านการนวดแล้ว"
"01","ข้าว","011000","ข้าวนาปี","011303","ข้าว กข 10","เมล็ดข้าวเปลือกแห้งที่ผ่านการนวดแล้ว"
"01","ข้าว","011000","ข้าวนาปี","011304","ข้าว กข 2","เมล็ดข้าวเปลือกแห้งที่ผ่านการนวดแล้ว"
"01","ข้าว","011000","ข้าวนาปี","011305","ข้าวเหนียวหนองคาย","เมล็ดข้าวเปลือกแห้งที่ผ่านการนวดแล้ว"
"01","ข้าว","011000","ข้าวนาปี","011306","ข้าวเหนียวนางนวล","เมล็ดข้าวเปลือกแห้งที่ผ่านการนวดแล้ว"
"01","ข้าว","011000","ข้าวนาปี","011307","ข้าวเหนียวเล้าแตก","เมล็ดข้าวเปลือกแห้งที่ผ่านการนวดแล้ว"
"01","ข้าว","011000","ข้าวนาปี","011308","ข้าวเหนียวเหลืองบุญมา","เมล็ดข้าวเปลือกแห้งที่ผ่านการนวดแล้ว"
"01","ข้าว","011000","ข้าวนาปี","011309","ข้าวแพร่ 1","เมล็ดข้าวเปลือกแห้งที่ผ่านการนวดแล้ว"
"01","ข้าว","011000","ข้าวนาปี","011310","ข้าว กข 14","เมล็ดข้าวเปลือกแห้งที่ผ่านการนวดแล้ว"
"01","ข้าว","011000","ข้าวนาปี","011311","ข้าว กข 16",
"01","ข้าว","011000","ข้าวนาปี","011399","ข้าวเหนียวไม่ไวแสงอื่นๆ","เมล็ดข้าวเปลือกแห้งที่ผ่านการนวดแล้ว"
"01","ข้าว","011000","ข้าวนาปี","011400","ข้าวเจ้า ไม่ไวแสง","เมล็ดข้าวเปลือกแห้งที่ผ่านการนวดแล้ว"
"01","ข้าว","011000","ข้าวนาปี","011401","ข้าว กข 1","เมล็ดข้าวเปลือกแห้งที่ผ่านการนวดแล้ว"
"01","ข้าว","011000","ข้าวนาปี","011402","ข้าว กข 21","เมล็ดข้าวเปลือกแห้งที่ผ่านการนวดแล้ว"
"01","ข้าว","011000","ข้าวนาปี","011403","ข้าว กข 23","เมล็ดข้าวเปลือกแห้งที่ผ่านการนวดแล้ว"
"01","ข้าว","011000","ข้าวนาปี","011404","ข้าวชัยนาท 1","เมล็ดข้าวเปลือกแห้งที่ผ่านการนวดแล้ว"
"01","ข้าว","011000","ข้าวนาปี","011405","ข้าวปทุมธานี 1","เมล็ดข้าวเปลือกแห้งที่ผ่านการนวดแล้ว"
"01","ข้าว","011000","ข้าวนาปี","011406","ข้าวสุพรรณบุรี 1","เมล็ดข้าวเปลือกแห้งที่ผ่านการนวดแล้ว"
"01","ข้าว","011000","ข้าวนาปี","011407","ข้าวสุพรรณบุรี 2","เมล็ดข้าวเปลือกแห้งที่ผ่านการนวดแล้ว"
"01","ข้าว","011000","ข้าวนาปี","011408","ข้าวสุพรรณบุรี 3","เมล็ดข้าวเปลือกแห้งที่ผ่านการนวดแล้ว"
"01","ข้าว","011000","ข้าวนาปี","011409","ข้าวสุพรรณบุรี 60","เมล็ดข้าวเปลือกแห้งที่ผ่านการนวดแล้ว"
"01","ข้าว","011000","ข้าวนาปี","011410","ข้าวสุพรรณ 90","เมล็ดข้าวเปลือกแห้งที่ผ่านการนวดแล้ว"
"01","ข้าว","011000","ข้าวนาปี","011411","ข้าวเจ้าหอมคลองหลวง 1","เมล็ดข้าวเปลือกแห้งที่ผ่านการนวดแล้ว"
"01","ข้าว","011000","ข้าวนาปี","011412","ข้าวหอมสุพรรณบุรี","เมล็ดข้าวเปลือกแห้งที่ผ่านการนวดแล้ว"
"01","ข้าว","011000","ข้าวนาปี","011413","ข้าว กข 29 (ชัยนาท 80)","เมล็ดข้าวเปลือกแห้งที่ผ่านการนวดแล้ว"
"01","ข้าว","011000","ข้าวนาปี","011414","ข้าว กข 31 (ปทุมธานี 80)","เมล็ดข้าวเปลือกแห้งที่ผ่านการนวดแล้ว"
"01","ข้าว","011000","ข้าวนาปี","011415","ข้าว พิษณุโลก 2","เมล็ดข้าวเปลือกแห้งที่ผ่านการนวดแล้ว"
"01","ข้าว","011000","ข้าวนาปี","011416","ข้าว บางแตน","เมล็ดข้าวเปลือกแห้งที่ผ่านการนวดแล้ว"
"01","ข้าว","011000","ข้าวนาปี","011417","ข้าว สุรินทร์ 1","เมล็ดข้าวเปลือกแห้งที่ผ่านการนวดแล้ว"
"01","ข้าว","011000","ข้าวนาปี","011418","ข้าว 65 วัน","เมล็ดข้าวเปลือกแห้งที่ผ่านการนวดแล้ว"
"01","ข้าว","011000","ข้าวนาปี","011419","ข้าว 75 วัน","เมล็ดข้าวเปลือกแห้งที่ผ่านการนวดแล้ว"
"01","ข้าว","011000","ข้าวนาปี","011420","ข้าว 85 วัน","เมล็ดข้าวเปลือกแห้งที่ผ่านการนวดแล้ว"
"01","ข้าว","011000","ข้าวนาปี","011421","ข้าว CP75","เมล็ดข้าวเปลือกแห้งที่ผ่านการนวดแล้ว"
"01","ข้าว","011000","ข้าวนาปี","011422","ข้าว O39","เมล็ดข้าวเปลือกแห้งที่ผ่านการนวดแล้ว"
"01","ข้าว","011000","ข้าวนาปี","011423","ข้าว กข 25","เมล็ดข้าวเปลือกแห้งที่ผ่านการนวดแล้ว"
"01","ข้าว","011000","ข้าวนาปี","011424","ข้าว กข 33 (หอมอุบล 80)","เมล็ดข้าวเปลือกแห้งที่ผ่านการนวดแล้ว"
"01","ข้าว","011000","ข้าวนาปี","011425","ข้าว ซี 45","เมล็ดข้าวเปลือกแห้งที่ผ่านการนวดแล้ว"
"01","ข้าว","011000","ข้าวนาปี","011426","ข้าว ซี 75","เมล็ดข้าวเปลือกแห้งที่ผ่านการนวดแล้ว"
"01","ข้าว","011000","ข้าวนาปี","011427","ข้าว ดี 4","เมล็ดข้าวเปลือกแห้งที่ผ่านการนวดแล้ว"
"01","ข้าว","011000","ข้าวนาปี","011428","ข้าว เบอร์ 16","เมล็ดข้าวเปลือกแห้งที่ผ่านการนวดแล้ว"
"01","ข้าว","011000","ข้าวนาปี","011429","ข้าว เบอร์ 17","เมล็ดข้าวเปลือกแห้งที่ผ่านการนวดแล้ว"
"01","ข้าว","011000","ข้าวนาปี","011430","ข้าว เบอร์ 19","เมล็ดข้าวเปลือกแห้งที่ผ่านการนวดแล้ว"
"01","ข้าว","011000","ข้าวนาปี","011431","ข้าวขาวปทุม","เมล็ดข้าวเปลือกแห้งที่ผ่านการนวดแล้ว"
"01","ข้าว","011000","ข้าวนาปี","011432","ข้าวเจ้าพระยา","เมล็ดข้าวเปลือกแห้งที่ผ่านการนวดแล้ว"
"01","ข้าว","011000","ข้าวนาปี","011433","ข้าวฉะเชิงเทรา","เมล็ดข้าวเปลือกแห้งที่ผ่านการนวดแล้ว"
"01","ข้าว","011000","ข้าวนาปี","011434","ข้าวชัยนาท 2","เมล็ดข้าวเปลือกแห้งที่ผ่านการนวดแล้ว"
"01","ข้าว","011000","ข้าวนาปี","011435","ข้าวชัยนาท 60","เมล็ดข้าวเปลือกแห้งที่ผ่านการนวดแล้ว"
"01","ข้าว","011000","ข้าวนาปี","011436","ข้าวซีโอ","เมล็ดข้าวเปลือกแห้งที่ผ่านการนวดแล้ว"
"01","ข้าว","011000","ข้าวนาปี","011437","ข้าวบีพี 75","เมล็ดข้าวเปลือกแห้งที่ผ่านการนวดแล้ว"
"01","ข้าว","011000","ข้าวนาปี","011438","ข้าวพวงแก้ว","เมล็ดข้าวเปลือกแห้งที่ผ่านการนวดแล้ว"
"01","ข้าว","011000","ข้าวนาปี","011439","ข้าวพวงเงิน","เมล็ดข้าวเปลือกแห้งที่ผ่านการนวดแล้ว"
"01","ข้าว","011000","ข้าวนาปี","011440","ข้าวพวงทอง","เมล็ดข้าวเปลือกแห้งที่ผ่านการนวดแล้ว"
"01","ข้าว","011000","ข้าวนาปี","011441","ข้าวพัทลุง","เมล็ดข้าวเปลือกแห้งที่ผ่านการนวดแล้ว"
"01","ข้าว","011000","ข้าวนาปี","011442","ข้าวพิษณุโลก","เมล็ดข้าวเปลือกแห้งที่ผ่านการนวดแล้ว"
"01","ข้าว","011000","ข้าวนาปี","011443","ข้าวพิษณุโลก 60-2","เมล็ดข้าวเปลือกแห้งที่ผ่านการนวดแล้ว"
"01","ข้าว","011000","ข้าวนาปี","011444","ข้าวโพธิ์ทอง","เมล็ดข้าวเปลือกแห้งที่ผ่านการนวดแล้ว"
"01","ข้าว","011000","ข้าวนาปี","011446","ข้าวมาเลย์","เมล็ดข้าวเปลือกแห้งที่ผ่านการนวดแล้ว"
"01","ข้าว","011000","ข้าวนาปี","011447","ข้าวราชินี","เมล็ดข้าวเปลือกแห้งที่ผ่านการนวดแล้ว"
"01","ข้าว","011000","ข้าวนาปี","011448","ข้าวสามพราน","เมล็ดข้าวเปลือกแห้งที่ผ่านการนวดแล้ว"
"01","ข้าว","011000","ข้าวนาปี","011449","ข้าวสุพรรณ 039","เมล็ดข้าวเปลือกแห้งที่ผ่านการนวดแล้ว"
"01","ข้าว","011000","ข้าวนาปี","011450","ข้าวสุพรรณบุรี","เมล็ดข้าวเปลือกแห้งที่ผ่านการนวดแล้ว"
"01","ข้าว","011000","ข้าวนาปี","011451","ข้าวหอมปทุม","เมล็ดข้าวเปลือกแห้งที่ผ่านการนวดแล้ว"
"01","ข้าว","011000","ข้าวนาปี","011452","ข้าวอยุธยา","เมล็ดข้าวเปลือกแห้งที่ผ่านการนวดแล้ว"
"01","ข้าว","011000","ข้าวนาปี","011453","ข้าวอาบรังสี","เมล็ดข้าวเปลือกแห้งที่ผ่านการนวดแล้ว"
"01","ข้าว","011000","ข้าวนาปี","011454","ข้าวอินโด","เมล็ดข้าวเปลือกแห้งที่ผ่านการนวดแล้ว"
"01","ข้าว","011000","ข้าวนาปี","011455","ข้าวอีแล็ป","เมล็ดข้าวเปลือกแห้งที่ผ่านการนวดแล้ว"
"01","ข้าว","011000","ข้าวนาปี","011456","ข้าว OC6","เมล็ดข้าวเปลือกแห้งที่ผ่านการนวดแล้ว"
"01","ข้าว","011000","ข้าวนาปี","011457","ข้าว C85","เมล็ดข้าวเปลือกแห้งที่ผ่านการนวดแล้ว"
"01","ข้าว","011000","ข้าวนาปี","011458","ข้าวเจ้าหลวงประทาน","เมล็ดข้าวเปลือกแห้งที่ผ่านการนวดแล้ว"
"01","ข้าว","011000","ข้าวนาปี","011459","ข้าวกันตัง","เมล็ดข้าวเปลือกแห้งที่ผ่านการนวดแล้ว"
"01","ข้าว","011000","ข้าวนาปี","011460","ข้าวนางพญา 132","เมล็ดข้าวเปลือกแห้งที่ผ่านการนวดแล้ว"
"01","ข้าว","011000","ข้าวนาปี","011461","ข้าว กข 9","เมล็ดข้าวเปลือกแห้งที่ผ่านการนวดแล้ว"
"01","ข้าว","011000","ข้าวนาปี","011462","ข้าวสุพรรณบุรี 4","เมล็ดข้าวเปลือกแห้งที่ผ่านการนวดแล้ว"
"01","ข้าว","011000","ข้าวนาปี","011463","ข้าว กข 41","เมล็ดข้าวเปลือกแห้งที่ผ่านการนวดแล้ว"
"01","ข้าว","011000","ข้าวนาปี","011464","ข้าว ปทุมธานี 90","เมล็ดข้าวเปลือกแห้งที่ผ่านการนวดแล้ว"
"01","ข้าว","011000","ข้าวนาปี","011465","ข้าว พิษณุโลก 1","เมล็ดข้าวเปลือกแห้งที่ผ่านการนวดแล้ว"
"01","ข้าว","011000","ข้าวนาปี","011466","ข้าว ปทุมธานี 2","เมล็ดข้าวเปลือกแห้งที่ผ่านการนวดแล้ว"
"01","ข้าว","011000","ข้าวนาปี","011467","ข้าว กข 47","เมล็ดข้าวเปลือกแห้งที่ผ่านการนวดแล้ว"
"01","ข้าว","011000","ข้าวนาปี","011468","ข้าวเบอร์ 5","เมล็ดข้าวเปลือกแห้งที่ผ่านการนวดแล้ว"
"01","ข้าว","011000","ข้าวนาปี","011469","ข้าวเบอร์ 7","เมล็ดข้าวเปลือกแห้งที่ผ่านการนวดแล้ว"
"01","ข้าว","011000","ข้าวนาปี","011470","ข้าว กข 51","เมล็ดข้าวเปลือกแห้งที่ผ่านการนวดแล้ว"
"01","ข้าว","011000","ข้าวนาปี","011471","ข้าว กข 49",
"01","ข้าว","011000","ข้าวนาปี","011472","ข้าวเจ้าไรซ์เบอรี่",
"01","ข้าว","011000","ข้าวนาปี","011473","กข 11",
"01","ข้าว","011000","ข้าวนาปี","011474","กข 57",
"01","ข้าว","011000","ข้าวนาปี","011475","กข 63",
"01","ข้าว","011000","ข้าวนาปี","011476","ข้าวสินเหล็ก",
"01","ข้าว","011000","ข้าวนาปี","011480","ข้าวหอมชลสิทธิ์","เมล็ดข้าวเปลือกแห้งที่ผ่านการนวดแล้ว"
"01","ข้าว","011000","ข้าวนาปี","011499","ข้าวเจ้าไม่ไวแสงอื่นๆ","เมล็ดข้าวเปลือกแห้งที่ผ่านการนวดแล้ว"
"01","ข้าว","011000","ข้าวนาปี","011500","ข้าวเจ้า ไวแสง","เมล็ดข้าวเปลือกแห้งที่ผ่านการนวดแล้ว"
"01","ข้าว","011000","ข้าวนาปี","011501","ข้าว กข 15","เมล็ดข้าวเปลือกแห้งที่ผ่านการนวดแล้ว"
"01","ข้าว","011000","ข้าวนาปี","011502","ข้าว กข 27","เมล็ดข้าวเปลือกแห้งที่ผ่านการนวดแล้ว"
"01","ข้าว","011000","ข้าวนาปี","011503","ข้าวขาวดอกมะลิ 105","เมล็ดข้าวเปลือกแห้งที่ผ่านการนวดแล้ว"
"01","ข้าว","011000","ข้าวนาปี","011504","ข้าวพัทลุง 60","เมล็ดข้าวเปลือกแห้งที่ผ่านการนวดแล้ว"
"01","ข้าว","011000","ข้าวนาปี","011505","ข้าวปราจีนบุรี 1","เมล็ดข้าวเปลือกแห้งที่ผ่านการนวดแล้ว"
"01","ข้าว","011000","ข้าวนาปี","011506","ข้าวอยุธยา 1","เมล็ดข้าวเปลือกแห้งที่ผ่านการนวดแล้ว"
"01","ข้าว","011000","ข้าวนาปี","011507","ข้าวเจ้าไวแสงอื่นๆ","เมล็ดข้าวเปลือกแห้งที่ผ่านการนวดแล้ว"
"01","ข้าว","011000","ข้าวนาปี","011508","ข้าวปราจีนบุรี 2","เมล็ดข้าวเปลือกแห้งที่ผ่านการนวดแล้ว"
"01","ข้าว","011000","ข้าวนาปี","011509","ข้าว กข 17","เมล็ดข้าวเปลือกแห้งที่ผ่านการนวดแล้ว"
"01","ข้าว","011000","ข้าวนาปี","011510","ข้าว กข 19","เมล็ดข้าวเปลือกแห้งที่ผ่านการนวดแล้ว"
"01","ข้าว","011000","ข้าวนาปี","011511","ข้าว กข 35 (รังสิต80)","เมล็ดข้าวเปลือกแห้งที่ผ่านการนวดแล้ว"
"01","ข้าว","011000","ข้าวนาปี","011512","ข้าวแก่นจันทร์","เมล็ดข้าวเปลือกแห้งที่ผ่านการนวดแล้ว"
"01","ข้าว","011000","ข้าวนาปี","011513","ข้าวชุมแพ 60","เมล็ดข้าวเปลือกแห้งที่ผ่านการนวดแล้ว"
"01","ข้าว","011000","ข้าวนาปี","011514","ข้าวพิษณุโลก 3","เมล็ดข้าวเปลือกแห้งที่ผ่านการนวดแล้ว"
"01","ข้าว","011000","ข้าวนาปี","011515","ข้าวพิษณุโลก 60-1","เมล็ดข้าวเปลือกแห้งที่ผ่านการนวดแล้ว"
"01","ข้าว","011000","ข้าวนาปี","011516","ข้าวลูกแดงปัตตานี","เมล็ดข้าวเปลือกแห้งที่ผ่านการนวดแล้ว"
"01","ข้าว","011000","ข้าวนาปี","011517","ข้าวหันตรา 60","เมล็ดข้าวเปลือกแห้งที่ผ่านการนวดแล้ว"
"01","ข้าว","011000","ข้าวนาปี","011518","ข้าวหอมมะลิแดง","เมล็ดข้าวเปลือกแห้งที่ผ่านการนวดแล้ว"
"01","ข้าว","011000","ข้าวนาปี","011519","ข้าว กข 13","เมล็ดข้าวเปลือกแห้งที่ผ่านการนวดแล้ว"
"01","ข้าว","011000","ข้าวนาปี","011520","ข้าว กข 43","เมล็ดข้าวเปลือกแห้งที่ผ่านการนวดแล้ว"
"01","ข้าว","011000","ข้าวนาปี","011521","ข้าวพิษณุโลก 80","เมล็ดข้าวเปลือกแห้งที่ผ่านการนวดแล้ว"
"01","ข้าว","011000","ข้าวนาปี","011522","ข้าวเหลืองอ่อน","เมล็ดข้าวเปลือกแห้งที่ผ่านการนวดแล้ว"
"01","ข้าว","011000","ข้าวนาปี","011523","ข้าว กข 7","เมล็ดข้าวเปลือกแห้งที่ผ่านการนวดแล้ว"
"01","ข้าว","011000","ข้าวนาปี","011524","ข้าวขาวบำรุง","เมล็ดข้าวเปลือกแห้งที่ผ่านการนวดแล้ว"
"01","ข้าว","011000","ข้าวนาปี","011525","ข้าวขาวพวง","เมล็ดข้าวเปลือกแห้งที่ผ่านการนวดแล้ว"
"01","ข้าว","011000","ข้าวนาปี","011526","ข้าวขาวมานะ","เมล็ดข้าวเปลือกแห้งที่ผ่านการนวดแล้ว"
"01","ข้าว","011000","ข้าวนาปี","011527","ข้าวขาวหลง","เมล็ดข้าวเปลือกแห้งที่ผ่านการนวดแล้ว"
"01","ข้าว","011000","ข้าวนาปี","011528","ข้าวขาวหลวง","เมล็ดข้าวเปลือกแห้งที่ผ่านการนวดแล้ว"
"01","ข้าว","011000","ข้าวนาปี","011529","ข้าวช่อไสว","เมล็ดข้าวเปลือกแห้งที่ผ่านการนวดแล้ว"
"01","ข้าว","011000","ข้าวนาปี","011530","ข้าวทองมาเอง","เมล็ดข้าวเปลือกแห้งที่ผ่านการนวดแล้ว"
"01","ข้าว","011000","ข้าวนาปี","011531","ข้าวมะลิใหญ่","เมล็ดข้าวเปลือกแห้งที่ผ่านการนวดแล้ว"
"01","ข้าว","011000","ข้าวนาปี","011532","ข้าวเหลืองทอง","เมล็ดข้าวเปลือกแห้งที่ผ่านการนวดแล้ว"
"01","ข้าว","011000","ข้าวนาปี","011533","ขาวตาอิน",
"01","ข้าว","011000","ข้าวนาปี","011534","ขาวหลง",
"01","ข้าว","011000","ข้าวนาปี","011535","ขาวบ้านนา",
"01","ข้าว","011000","ข้าวนาปี","011599","ข้าวเจ้า ไวแสงพันธุ์อื่นๆ","เมล็ดข้าวเปลือกแห้งที่ผ่านการนวดแล้ว"
"01","ข้าว","011000","ข้าวนาปี","011600","ข้าวไร่ไม่ไวต่อช่วงแสง","เมล็ดข้าวเปลือกแห้งที่ผ่านการนวดแล้ว"
"01","ข้าว","011000","ข้าวนาปี","011601","ข้าวอาร์ 258","เมล็ดข้าวเปลือกแห้งที่ผ่านการนวดแล้ว"
"01","ข้าว","011000","ข้าวนาปี","011700","ข้าวไร่ไวต่อช่วงแสง","เมล็ดข้าวเปลือกแห้งที่ผ่านการนวดแล้ว"
"01","ข้าว","011000","ข้าวนาปี","011701","ข้าวกู้เมืองหลวง","เมล็ดข้าวเปลือกแห้งที่ผ่านการนวดแล้ว"
"01","ข้าว","011000","ข้าวนาปี","011702","ข้าวขาวโป่งไคร้","เมล็ดข้าวเปลือกแห้งที่ผ่านการนวดแล้ว"
"01","ข้าว","011000","ข้าวนาปี","011703","ข้าวเจ้าฮ่อ","เมล็ดข้าวเปลือกแห้งที่ผ่านการนวดแล้ว"
"01","ข้าว","011000","ข้าวนาปี","011704","ข้าวซิวแม่จัน","เมล็ดข้าวเปลือกแห้งที่ผ่านการนวดแล้ว"
"01","ข้าว","011000","ข้าวนาปี","011705","ข้าวดอกพะยอม","เมล็ดข้าวเปลือกแห้งที่ผ่านการนวดแล้ว"
"01","ข้าว","011000","ข้าวนาปี","011706","ข้าวน้ำรู","เมล็ดข้าวเปลือกแห้งที่ผ่านการนวดแล้ว"
"01","ข้าว","011000","ข้าวนาปี","011707","ข้าวเจ้าลีซอสันป่าตอง","เมล็ดข้าวเปลือกแห้งที่ผ่านการนวดแล้ว"
"01","ข้าว","011000","ข้าวนาปี","011800","ข้าวญี่ปุ่น","เมล็ดข้าวเปลือกแห้งที่ผ่านการนวดแล้ว"
"01","ข้าว","011000","ข้าวนาปี","011801","ข้าว กวก. 1","เมล็ดข้าวเปลือกแห้งที่ผ่านการนวดแล้ว"
"01","ข้าว","011000","ข้าวนาปี","011802","ข้าว กวก. 2","เมล็ดข้าวเปลือกแห้งที่ผ่านการนวดแล้ว"
"01","ข้าว","011000","ข้าวนาปี","011999","ข้าวนาปีพันธุ์อื่นๆ","เมล็ดข้าวเปลือกแห้งที่ผ่านการนวดแล้ว"
"01","ข้าว","012000","ข้าวนาปรัง","012100","ข้าวนาปรัง","เมล็ดข้าวเปลือกแห้งที่ผ่านการนวดแล้ว"
"01","ข้าว","012000","ข้าวนาปรัง","012101","ข้าว กข 21","เมล็ดข้าวเปลือกแห้งที่ผ่านการนวดแล้ว"
"01","ข้าว","012000","ข้าวนาปรัง","012102","ข้าว กข 23","เมล็ดข้าวเปลือกแห้งที่ผ่านการนวดแล้ว"
"01","ข้าว","012000","ข้าวนาปรัง","012103","ข้าว กข 10","เมล็ดข้าวเปลือกแห้งที่ผ่านการนวดแล้ว"
"01","ข้าว","012000","ข้าวนาปรัง","012104","ข้าวสุพรรณบุรี 60","เมล็ดข้าวเปลือกแห้งที่ผ่านการนวดแล้ว"
"01","ข้าว","012000","ข้าวนาปรัง","012105","ข้าวบาสมาติ","เมล็ดข้าวเปลือกแห้งที่ผ่านการนวดแล้ว"
"01","ข้าว","012000","ข้าวนาปรัง","012106","ข้าวชัยนาท 1","เมล็ดข้าวเปลือกแห้งที่ผ่านการนวดแล้ว"
"01","ข้าว","012000","ข้าวนาปรัง","012107","ข้าวปทุมธานี 1","เมล็ดข้าวเปลือกแห้งที่ผ่านการนวดแล้ว"
"01","ข้าว","012000","ข้าวนาปรัง","012108","ข้าวสุพรรณบุรี 1","เมล็ดข้าวเปลือกแห้งที่ผ่านการนวดแล้ว"
"01","ข้าว","012000","ข้าวนาปรัง","012109","ข้าวสุพรรณบุรี 2","เมล็ดข้าวเปลือกแห้งที่ผ่านการนวดแล้ว"
"01","ข้าว","012000","ข้าวนาปรัง","012110","ข้าวสุพรรณบุรี 3","เมล็ดข้าวเปลือกแห้งที่ผ่านการนวดแล้ว"
"01","ข้าว","012000","ข้าวนาปรัง","012111","ข้าวสุพรรณบุรี 90","เมล็ดข้าวเปลือกแห้งที่ผ่านการนวดแล้ว"
"01","ข้าว","012000","ข้าวนาปรัง","012112","ข้าวพิษณุโลก 2","เมล็ดข้าวเปลือกแห้งที่ผ่านการนวดแล้ว"
"01","ข้าว","012000","ข้าวนาปรัง","012113","ข้าวหอมคลองหลวง 1","เมล็ดข้าวเปลือกแห้งที่ผ่านการนวดแล้ว"
"01","ข้าว","012000","ข้าวนาปรัง","012114","ข้าวหอมสุพรรณบุรี","เมล็ดข้าวเปลือกแห้งที่ผ่านการนวดแล้ว"
"01","ข้าว","012000","ข้าวนาปรัง","012115","ข้าวญี่ปุ่น","เมล็ดข้าวเปลือกแห้งที่ผ่านการนวดแล้ว"
"01","ข้าว","012000","ข้าวนาปรัง","012116","ข้าว กข 29 (ชัยนาท 80)","เมล็ดข้าวเปลือกแห้งที่ผ่านการนวดแล้ว"
"01","ข้าว","012000","ข้าวนาปรัง","012117","ข้าว กข 31 (ปทุมธานี 80)","เมล็ดข้าวเปลือกแห้งที่ผ่านการนวดแล้ว"
"01","ข้าว","012000","ข้าวนาปรัง","012118","ข้าว เหนียวสันป่าตอง","เมล็ดข้าวเปลือกแห้งที่ผ่านการนวดแล้ว"
"01","ข้าว","012000","ข้าวนาปรัง","012119","ข้าว กข 15","เมล็ดข้าวเปลือกแห้งที่ผ่านการนวดแล้ว"
"01","ข้าว","012000","ข้าวนาปรัง","012120","ข้าว ขาวดอกมะลิ 105","เมล็ดข้าวเปลือกแห้งที่ผ่านการนวดแล้ว"
"01","ข้าว","012000","ข้าวนาปรัง","012121","ข้าว สุพรรณบุรี 4","เมล็ดข้าวเปลือกแห้งที่ผ่านการนวดแล้ว"
"01","ข้าว","012000","ข้าวนาปรัง","012122","ข้าว กข 41","เมล็ดข้าวเปลือกแห้งที่ผ่านการนวดแล้ว"
"01","ข้าว","012000","ข้าวนาปรัง","012123","ข้าว ชัยนาท 2 ","เมล็ดข้าวเปลือกแห้งที่ผ่านการนวดแล้ว"
"01","ข้าว","012000","ข้าวนาปรัง","012124","ข้าว ปทุมธานี 90","เมล็ดข้าวเปลือกแห้งที่ผ่านการนวดแล้ว"
"01","ข้าว","012000","ข้าวนาปรัง","012125","ข้าว พิษณุโลก 1","เมล็ดข้าวเปลือกแห้งที่ผ่านการนวดแล้ว"
"01","ข้าว","012000","ข้าวนาปรัง","012126","ข้าว พิษณุโลก","เมล็ดข้าวเปลือกแห้งที่ผ่านการนวดแล้ว"
"01","ข้าว","012000","ข้าวนาปรัง","012127","ข้าว บางแตน","เมล็ดข้าวเปลือกแห้งที่ผ่านการนวดแล้ว"
"01","ข้าว","012000","ข้าวนาปรัง","012128","ข้าว ปทุมธานี 2","เมล็ดข้าวเปลือกแห้งที่ผ่านการนวดแล้ว"
"01","ข้าว","012000","ข้าวนาปรัง","012129","ข้าว กข 7","เมล็ดข้าวเปลือกแห้งที่ผ่านการนวดแล้ว"
"01","ข้าว","012000","ข้าวนาปรัง","012130","ข้าว กข 14","เมล็ดข้าวเปลือกแห้งที่ผ่านการนวดแล้ว"
"01","ข้าว","012000","ข้าวนาปรัง","012131","ข้าว กข 33","เมล็ดข้าวเปลือกแห้งที่ผ่านการนวดแล้ว"
"01","ข้าว","012000","ข้าวนาปรัง","012132","ข้าว ท่าดอกคำ","เมล็ดข้าวเปลือกแห้งที่ผ่านการนวดแล้ว"
"01","ข้าว","012000","ข้าวนาปรัง","012133","ข้าวเหนียวสันป่าตอง 1","เมล็ดข้าวเปลือกแห้งที่ผ่านการนวดแล้ว"
"01","ข้าว","012000","ข้าวนาปรัง","012134","ข้าวซีพี 111","เมล็ดข้าวเปลือกแห้งที่ผ่านการนวดแล้ว"
"01","ข้าว","012000","ข้าวนาปรัง","012135","ข้าวสุพรรณบุรี 35","เมล็ดข้าวเปลือกแห้งที่ผ่านการนวดแล้ว"
"01","ข้าว","012000","ข้าวนาปรัง","012136","ข้าว เหนียวสกลนคร","เมล็ดข้าวเปลือกแห้งที่ผ่านการนวดแล้ว"
"01","ข้าว","012000","ข้าวนาปรัง","012137","ข้าว กข 47","เมล็ดข้าวเปลือกแห้งที่ผ่านการนวดแล้ว"
"01","ข้าว","012000","ข้าวนาปรัง","012138","ข้าวเจ้าพระยา","เมล็ดข้าวเปลือกแห้งที่ผ่านการนวดแล้ว"
"01","ข้าว","012000","ข้าวนาปรัง","012139","ข้าวพิษณุโลก60-2","เมล็ดข้าวเปลือกแห้งที่ผ่านการนวดแล้ว"
"01","ข้าว","012000","ข้าวนาปรัง","012140","ข้าวราชินี","เมล็ดข้าวเปลือกแห้งที่ผ่านการนวดแล้ว"
"01","ข้าว","012000","ข้าวนาปรัง","012141","ข้าวพวงทอง","เมล็ดข้าวเปลือกแห้งที่ผ่านการนวดแล้ว"
"01","ข้าว","012000","ข้าวนาปรัง","012142","ข้าว กข51","เมล็ดข้าวเปลือกแห้งที่ผ่านการนวดแล้ว"
"01","ข้าว","012000","ข้าวนาปรัง","012143","ข้าว75 วัน","เมล็ดข้าวเปลือกแห้งที่ผ่านการนวดแล้ว"
"01","ข้าว","012000","ข้าวนาปรัง","012144","ข้าวเหนียวดำลืมผัว","เมล็ดข้าวเปลือกแห้งที่ผ่านการนวดแล้ว"
"01","ข้าว","012000","ข้าวนาปรัง","012145","ข้าวเหนียวอุบล","เมล็ดข้าวเปลือกแห้งที่ผ่านการนวดแล้ว"
"01","ข้าว","012000","ข้าวนาปรัง","012146","ข้าว กข 43","เมล็ดข้าวเปลือกแห้งที่ผ่านการนวดแล้ว"
"01","ข้าว","012000","ข้าวนาปรัง","012147","ข้าว หอมชลสิทธิ์","เมล็ดข้าวเปลือกแห้งที่ผ่านการนวดแล้ว"
"01","ข้าว","012000","ข้าวนาปรัง","012148","ข้าว กข49","เมล็ดข้าวเปลือกแห้งที่ผ่านการนวดแล้ว"
"01","ข้าว","012000","ข้าวนาปรัง","012149","ข้าวเจ้าไรซ์เบอรี่","เมล็ดข้าวเปลือกแห้งที่ผ่านการนวดแล้ว"
"01","ข้าว","012000","ข้าวนาปรัง","012150","ข้าว กข 57",
"01","ข้าว","012000","ข้าวนาปรัง","012151","ข้าว กข 63",
"01","ข้าว","012000","ข้าวนาปรัง","012152","ข้าว สินเหล็ก",
"01","ข้าว","012000","ข้าวนาปรัง","012153","ข้าว หอมนิล",
"01","ข้าว","012000","ข้าวนาปรัง","012197","ข้าวเจ้า พันธุ์อื่นๆ","เมล็ดข้าวเปลือกแห้งที่ผ่านการนวดแล้ว"
"01","ข้าว","012000","ข้าวนาปรัง","012198","ข้าวเหนียว พันธุ์อื่นๆ","เมล็ดข้าวเปลือกแห้งที่ผ่านการนวดแล้ว"
"01","ข้าว","012000","ข้าวนาปรัง","012199","ข้าวนาปรังพันธุ์อื่นๆ","เมล็ดข้าวเปลือกแห้งที่ผ่านการนวดแล้ว"
"01","ข้าว","013000","ข้าวไร่","013100","ข้าวไร่","เมล็ดข้าวเปลือกแห้งที่ผ่านการนวดแล้ว"
"01","ข้าว","013000","ข้าวไร่","013101","ข้าวไร่เหลืองประทิว 1","เมล็ดข้าวเปลือกแห้งที่ผ่านการนวดแล้ว"
"01","ข้าว","013000","ข้าวไร่","013102","ข้าวไร่เหลืองประทิว 2","เมล็ดข้าวเปลือกแห้งที่ผ่านการนวดแล้ว"
"01","ข้าว","013000","ข้าวไร่","013103","ข้าวไร่เหลืองประทิว 3","เมล็ดข้าวเปลือกแห้งที่ผ่านการนวดแล้ว"
"01","ข้าว","013000","ข้าวไร่","013104","ข้าวไร่ดอกพะยอม","เมล็ดข้าวเปลือกแห้งที่ผ่านการนวดแล้ว"
"01","ข้าว","013000","ข้าวไร่","013500","ข้าวไร่ข้าวเจ้า","เมล็ดข้าวเปลือกแห้งที่ผ่านการนวดแล้ว"
"01","ข้าว","013000","ข้าวไร่","013699","ข้าวเจ้าพันธุ์พื้นเมือง","เมล็ดข้าวเปลือกแห้งที่ผ่านการนวดแล้ว"
"01","ข้าว","013000","ข้าวไร่","013700","ข้าวไร่ข้าวเหนียว","เมล็ดข้าวเปลือกแห้งที่ผ่านการนวดแล้ว"
"01","ข้าว","013000","ข้าวไร่","013899","ข้าวเหนียวพันธุ์พื้นเมือง","เมล็ดข้าวเปลือกแห้งที่ผ่านการนวดแล้ว"
"01","ข้าว","013000","ข้าวไร่","013999","ข้าวไร่พันธุ์พื้นเมืองอื่นๆ","เมล็ดข้าวเปลือกแห้งที่ผ่านการนวดแล้ว"
"02","พืชไร่","020010","กก","020010","กก","น้ำหนักลำต้นแห้ง"
"02","พืชไร่","020020","ข้าวบาร์เลย์","020020","ข้าวบาร์เลย์","เมล็ดข้าวเปลือกแห้งที่ผ่านการนวดแล้ว"
"02","พืชไร่","020030","ข้าวโพดเลี้ยงสัตว์","020030","ข้าวโพดเลี้ยงสัตว์","น้ำหนักเมล็ดแห้งที่สีออกจากฝัก"
"02","พืชไร่","020040","ข้าวฟ่างไม้กวาด","020040","ข้าวฟ่างไม้กวาด","น้ำหนักช่อแห้ง"
"02","พืชไร่","020050","ข้าวฟ่างเลี้ยงสัตว์","020050","ข้าวฟ่างเลี้ยงสัตว์","น้ำหนักเมล็ดแห้งที่สีออกจากช่อแล้ว"
"02","พืชไร่","020060","ข้าวไรย์","020060","ข้าวไรย์","เมล็ดข้าวเปลือกแห้งที่ผ่านการนวดแล้ว"
"02","พืชไร่","020070","ข้าวสาลี","020070","ข้าวสาลี","เมล็ดข้าวเปลือกแห้งที่ผ่านการนวดแล้ว"
"02","พืชไร่","020080","ข้าวโอ๊ต","020080","ข้าวโอ๊ต","เมล็ดข้าวเปลือกแห้งที่ผ่านการนวดแล้ว"
"02","พืชไร่","020090","งาขาว","020090","งาขาว","น้ำหนัก เมล็ดแห้งที่ผ่านการนวด"
"02","พืชไร่","020100","งาแดง","020100","งาแดง","น้ำหนัก เมล็ดแห้งที่ผ่านการนวด"
"02","พืชไร่","020110","งาดำ","020110","งาดำ","น้ำหนัก เมล็ดแห้งที่ผ่านการนวด"
"02","พืชไร่","020120","ถั่วเขียวผิวดำ","020120","ถั่วเขียวผิวดำ","น้ำหนัก เมล็ดแห้งที่ผ่านการนวด"
"02","พืชไร่","020130","ถั่วเขียวผิวมัน","020130","ถั่วเขียวผิวมัน","น้ำหนัก เมล็ดแห้งที่ผ่านการนวด"
"02","พืชไร่","020140","ถั่วดำ","020140","ถั่วดำ","น้ำหนัก เมล็ดแห้งที่ผ่านการนวด"
"02","พืชไร่","020150","ถั่วนิ้วนางแดง","020150","ถั่วนิ้วนางแดง","น้ำหนัก เมล็ดแห้งที่ผ่านการนวด"
"02","พืชไร่","020160","ถั่วปันหยี(ถั่วหรั่ง)","020160","ถั่วปันหยี(ถั่วหรั่ง)","น้ำหนัก เมล็ดแห้งที่ผ่านการนวด"
"02","พืชไร่","020170","ถั่วพุ่ม","020170","ถั่วพุ่ม","น้ำหนัก เมล็ดแห้งที่ผ่านการนวด"
"02","พืชไร่","020180","ถั่วลิสง","020180","ถั่วลิสง","น้ำหนักเมล็ดทั้งเปลือกแห้ง"
"02","พืชไร่","020190","ถั่วเหลือง","020190","ถั่วเหลือง","น้ำหนักเมล็ดแห้งที่ผ่านการนวด"
"02","พืชไร่","020200","ถั่วเหลืองฝักสด","020200","ถั่วเหลืองฝักสด","น้ำหนักฝักสดรวมทั้งต้นซึ่งตัดรากและใบ"
"02","พืชไร่","020210","ถั่วอื่นๆ","020210","ถั่วอื่นๆ","น้ำหนักเมล็ดแห้ง"
"02","พืชไร่","020220","ทานตะวัน","020220","ทานตะวัน","น้ำหนักเมล็ดแห้งที่ผ่านการนวด"
"02","พืชไร่","020230","ปอกระเจา","020230","ปอกระเจา","น้ำหนักปอฟอก"
"02","พืชไร่","020240","ปอแก้ว","020240","ปอแก้ว","น้ำหนักปอฟอก"
"02","พืชไร่","020250","ปอคิวบา","020250","ปอคิวบา","น้ำหนักปอฟอก"
"02","พืชไร่","020260","ปอสา","020260","ปอสา","น้ำหนักปอฟอก"
"02","พืชไร่","020270","ป่านศรนารายณ์","020270","ป่านศรนารายณ์","น้ำหนักเส้นใยที่ลอกเปลือก"
"02","พืชไร่","020280","เผือก","020280","เผือก","น้ำหนักหัวสด"
"02","พืชไร่","020290","ฝ้าย","020290","ฝ้าย","น้ำหนักปุยฝ้ายรวมเมล็ด"
"02","พืชไร่","020300","มันแกว","020300","มันแกว","น้ำหนักหัวมันสด"
"02","พืชไร่","020310","มันเทศ","020310","มันเทศ","น้ำหนักหัวมันสด"
"02","พืชไร่","020320","มันฝรั่ง","020320","มันฝรั่ง","น้ำหนักหัวมันสด"
"02","พืชไร่","020340","ยาสูบ","020340","ยาสูบพันธุ์อื่นๆ","น้ำหนักใบยาสูบแห้ง"
"02","พืชไร่","020340","ยาสูบ","020341","ยาสูบพันธุ์พื้นเมือง","น้ำหนักใบยาสูบแห้ง"
"02","พืชไร่","020340","ยาสูบ","020342","ยาสูบพันธุ์เตอร์กิส","น้ำหนักใบยาสูบแห้ง"
"02","พืชไร่","020340","ยาสูบ","020343","ยาสูบพันธุ์เบอร์เลย์","น้ำหนักใบยาสูบแห้ง"
"02","พืชไร่","020340","ยาสูบ","020344","ยาสูบพันธุ์เวอร์จิเนียร์","น้ำหนักใบยาสูบแห้ง"
"02","พืชไร่","020350","ละหุ่ง","020350","ละหุ่ง","น้ำหนักเมล็ดที่กะเทาะจากฝัก"
"02","พืชไร่","020360","ลูกเดือย","020360","ลูกเดือย","น้ำหนักเมล็ดแห้งที่ผ่านการนวด"
"02","พืชไร่","020370","แห้ว","020370","แห้ว","น้ำหนักผลสด"
"02","พืชไร่","020380","อ้อยเคี้ยว","020380","อ้อยเคี้ยว","น้ำหนักลำอ้อยสดที่ตัดใบแล้ว"
"02","พืชไร่","020390","อ้อยโรงงาน","020390","อ้อยโรงงาน","น้ำหนักลำอ้อยสดที่ตัดใบแล้ว"
"02","พืชไร่","020400","ถั่วแดงหลวง","020400","ถั่วแดงหลวง","น้ำหนักเมล็ดแห้งที่ผ่านการนวด"
"02","พืชไร่","020410","สับปะรด","020411","สับปะรดบริโภคสด","น้ำหนักผลสด"
"02","พืชไร่","020410","สับปะรด","020412","สับปะรดโรงงาน","น้ำหนักผลสด"
"02","พืชไร่","020420","หญ้าเลี้ยงสัตว์","020421","หญ้าเลี้ยงสัตว์","น้ำหนักหญ้าสด"
"02","พืชไร่","020430","มันขี้หนู","020430","มันขี้หนู","น้ำหนักผลสด"
"02","พืชไร่","020440","ปอเทือง","020440","ปอเทือง","น้ำหนักปอฟอก"
"02","พืชไร่","020450","ถั่วพร้า","020450","ถั่วพร้า","น้ำหนักฝักแห้ง"
"02","พืชไร่","020460","กระจับ","020460","กระจับ","น้ำหนักผลสด"
"02","พืชไร่","020470","มันหวานญี่ปุ่น","020470","มันหวานญี่ปุ่น","น้ำหนักหัวมันสด"
"02","พืชไร่","020480","มะเยาหิน","020480","มะเยาหิน","น้ำหนักผลแก่และเมล็ด"
"02","พืชไร่","020490","มันสำปะหลังบริโภคสด","020491","พันธุ์ห้านาที","น้ำหนักหัวมันสด"
"02","พืชไร่","020490","มันสำปะหลังบริโภคสด","020492","พันธุ์ระยอง 2","น้ำหนักหัวมันสด"
"02","พืชไร่","020490","มันสำปะหลังบริโภคสด","020493","มันสำปะหลังบริโภคพันธุ์อื่นๆ","น้ำหนักหัวมันสด"
"02","พืชไร่","020500","มันสำปะหลังโรงงาน","020500","มันสำปะหลังโรงงาน","น้ำหนักหัวมันสด"
"02","พืชไร่","020500","มันสำปะหลังโรงงาน","020501","พันธุ์ระยอง 1","น้ำหนักหัวมันสด"
"02","พืชไร่","020500","มันสำปะหลังโรงงาน","020502","พันธุ์ระยอง 3","น้ำหนักหัวมันสด"
"02","พืชไร่","020500","มันสำปะหลังโรงงาน","020503","พันธุ์ระยอง 5","น้ำหนักหัวมันสด"
"02","พืชไร่","020500","มันสำปะหลังโรงงาน","020504","พันธุ์ระยอง 60","น้ำหนักหัวมันสด"
"02","พืชไร่","020500","มันสำปะหลังโรงงาน","020505","พันธุ์ระยอง 90","น้ำหนักหัวมันสด"
"02","พืชไร่","020500","มันสำปะหลังโรงงาน","020506","พันธุ์ KU50","น้ำหนักหัวมันสด"
"02","พืชไร่","020500","มันสำปะหลังโรงงาน","020507","พันธุ์ห้วยบง","น้ำหนักหัวมันสด"
"02","พืชไร่","020500","มันสำปะหลังโรงงาน","020508","พันธุ์ระยอง 7","น้ำหนักหัวมันสด"
"02","พืชไร่","020500","มันสำปะหลังโรงงาน","020509","พันธุ์ห้วยบง 60","น้ำหนักหัวมันสด"
"02","พืชไร่","020500","มันสำปะหลังโรงงาน","020510","พันธุ์ห้วยบง 80","น้ำหนักหัวมันสด"
"02","พืชไร่","020500","มันสำปะหลังโรงงาน","020511","พันธุ์ระยอง 9","น้ำหนักหัวมันสด"
"02","พืชไร่","020500","มันสำปะหลังโรงงาน","020512","พันธุ์ระยอง 70","น้ำหนักหัวมันสด"
"02","พืชไร่","020500","มันสำปะหลังโรงงาน","020513","พันธุ์ระยอง 11",
"02","พืชไร่","020500","มันสำปะหลังโรงงาน","020599","มันสำปะหลังโรงงานพันธุ์อื่นๆ","น้ำหนักผลสด"
"02","พืชไร่","020520","ถั่วอะซูกิ","020520","ถั่วอะซูกิ","น้ำหนักเมล็ดแห้ง"
"02","พืชไร่","020530","ข้าวโพดเลี้ยงสัตว์(เมล็ดพันธุ์)","020530","ข้าวโพดเลี้ยงสัตว์(เมล็ดพันธุ์)","น้ำหนักเมล็ดแห้ง"
"02","พืชไร่","020540","ถั่วดาวอินคา","020540","ถั่วดาวอินคา",
"02","พืชไร่","029999","พืชไร่อื่นๆ","029999","พืชไร่อื่นๆ","น้ำหนักผลสด"
"03","พืชผัก","030010","กระเจี๊ยบเขียว","030010","กระเจี๊ยบเขียว","น้ำหนักฝักสด"
"03","พืชผัก","030020","กระเฉด","030020","กระเฉด","น้ำหนักยอดสด"
"03","พืชผัก","030030","กระชาย","030030","กระชาย","น้ำหนักหัวสด"
"03","พืชผัก","030040","กระเทียมใบ","030040","กระเทียมใบ","น้ำหนักใบ และลำต้น"
"03","พืชผัก","030050","กระเทียมหัว","030050","กระเทียมหัว","น้ำหนักหัวรวมใบ"
"03","พืชผัก","030060","กะเพรา","030060","กะเพรา","น้ำหนักใบ และลำต้น"
"03","พืชผัก","030070","กะหล่ำดอก","030070","กะหล่ำดอก","น้ำหนักดอก ลำต้น และ ใบบางส่วน"
"03","พืชผัก","030080","กะหล่ำปม","030080","กะหล่ำปม","น้ำหนักใบ และลำต้น"
"03","พืชผัก","030090","กะหล่ำปลี","030090","กะหล่ำปลี","น้ำหนักใบ และลำต้น"
"03","พืชผัก","030100","กุยช่าย","030100","กุยช่าย","น้ำหนักใบ และลำต้น"
"03","พืชผัก","030110","ขมิ้น","030110","ขมิ้น","น้ำหนักแง่งสด"
"03","พืชผัก","030120","ข่า","030120","ข่า","น้ำหนักแง่งสด"
"03","พืชผัก","030130","ขิง","030130","ขิง","น้ำหนักแง่งสด"
"03","พืชผัก","030140","ข้าวโพดฝักอ่อน","030140","ข้าวโพดฝักอ่อน","น้ำหนักฝักอ่อนทั้งเปลือก"
"03","พืชผัก","030150","ข้าวโพดรับประทานฝักสด","030150","ข้าวโพดรับประทานฝักสด","น้ำหนักฝักสด"
"03","พืชผัก","030160","ข้าวโพดหวาน","030160","ข้าวโพดหวาน","น้ำหนักฝักสด"
"03","พืชผัก","030170","คะน้า","030170","คะน้า","น้ำหนักใบ และลำต้น "
"03","พืชผัก","030180","แคนตาลูป","030180","แคนตาลูป","น้ำหนักผลสด"
"03","พืชผัก","030190","แครอท","030190","แครอท","น้ำหนักผลสด"
"03","พืชผัก","030200","ชะอม","030200","ชะอม","น้ำหนักใบ และลำต้น"
"03","พืชผัก","030210","ตะไคร้","030210","ตะไคร้","น้ำหนักลำต้น และราก"
"03","พืชผัก","030220","ตั้งโอ๋","030220","ตั้งโอ๋","น้ำหนักใบ ลำต้น และราก"
"03","พืชผัก","030230","ตำลึง","030230","ตำลึง","น้ำหนักใบ และ ลำต้น"
"03","พืชผัก","030240","แตงกวา","030240","แตงกวา","น้ำหนักผลสด"
"03","พืชผัก","030250","แตงกวาญี่ปุ่น(แตงกวาสำหรับดอง)","030250","แตงกวาญี่ป่น","น้ำหนักผลสด"
"03","พืชผัก","030260","แตงร้าน","030260","แตงร้าน","น้ำหนักผลสด"
"03","พืชผัก","030270","แตงไทย","030270","แตงไทย","น้ำหนักผลสด"
"03","พืชผัก","030280","แตงโมเนื้อ","030280","แตงโมเนื้อ","น้ำหนักผลสด"
"03","พืชผัก","030290","แตงโมเมล็ด","030290","แตงโมเมล็ด","น้ำหนักเมล็ดแตงโมตากแห้ง"
"03","พืชผัก","030300","แตงโมอ่อน","030300","แตงโมอ่อน","น้ำหนักผลสด"
"03","พืชผัก","030310","ถั่วแขก","030310","ถั่วแขก","น้ำหนักฝักสด"
"03","พืชผัก","030320","ถั่วฝักยาว","030320","ถั่วฝักยาว","น้ำหนักฝักสด"
"03","พืชผัก","030330","ถั่วพู","030330","ถั่วพู","น้ำหนักฝักสด"
"03","พืชผัก","030340","ถั่วลันเตา","030340","ถั่วลันเตา","น้ำหนักฝักสด"
"03","พืชผัก","030350","น้ำเต้า","030350","น้ำเต้า","น้ำหนักผลสด"
"03","พืชผัก","030360","บล็อคโคลี่","030360","บรอกโคลี","น้ำหนักดอก ลำต้นและใบบางส่วน"
"03","พืชผัก","030370","บวบ","030370","บวบ","น้ำหนักผลสด"
"03","พืชผัก","030380","บัวสาย","030380","บัวสาย","น้ำหนักก้านดอก"
"03","พืชผัก","030390","ปวยเล้ง","030390","ปวยเล้ง","น้ำหนักใบ และ ลำต้น"
"03","พืชผัก","030400","ผักกวางตุ้ง","030400","ผักกวางตุ้ง","น้ำหนักใบ และ ลำต้น"
"03","พืชผัก","030410","ผักกาดขาวปลี","030410","ผักกาดขาวปลี","น้ำหนักใบ และ ลำต้น"
"03","พืชผัก","030420","ผักกาดเขียวปลี","030420","ผักกาดเขียวปลี","น้ำหนักใบ และ ลำต้น"
"03","พืชผัก","030430","ผักกาดหอม","030430","ผักกาดหอม","น้ำหนักใบ และ ลำต้น"
"03","พืชผัก","030440","ผักกาดหัว (หัวไชเท้า)","030440","ผักกาดหัว","น้ำหนักหัวสด"
"03","พืชผัก","030450","ผักกาดอื่นๆ","030450","ผักกาดอื่นๆ","น้ำหนักใบ และ ลำต้น"
"03","พืชผัก","030460","ผักขมจีน","030460","ผักขมจีน","น้ำหนักใบ ลำต้นและ ราก "
"03","พืชผัก","030470","ผักคึ่นฉ่าย","030470","ผักคึ่นฉ่าย","น้ำหนักใบ ลำต้นและ ราก "
"03","พืชผัก","030480","ผักโขม","030480","ผักโขม","น้ำหนักใบ ลำต้นและ ราก "
"03","พืชผัก","030490","ผักชี","030490","ผักชี","น้ำหนักใบ ลำต้นและ ราก "
"03","พืชผัก","030500","ผักชีฝรั่ง","030500","ผักชีฝรั่ง","น้ำหนักใบ ลำต้นและ ราก "
"03","พืชผัก","030510","ผักบุ้งจีน","030510","ผักบุ้งจีน","น้ำหนักใบ ลำต้นและ ราก "
"03","พืชผัก","030520","ผักบุ้งเมล็ด","030520","ผักบุ้งเมล็ด","น้ำหนักเมล็ดผักบุ้งแห้ง"
"03","พืชผัก","030530","ผักบุ้งน้ำ","030530","ผักบุ้งน้ำ","น้ำหนักเมล็ดผักบุ้งแห้ง"
"03","พืชผัก","030540","ผักบุ้งอื่นๆ","030540","ผักบุ้งอื่นๆ","น้ำหนักเมล็ดผักบุ้งแห้ง"
"03","พืชผัก","030550","ผักหวาน","030550","ผักหวานบ้าน","น้ำหนักผลพริกสด"
"03","พืชผัก","030560","พริกขี้หนูเม็ดเล็ก(ขี้หนูสวน)","030560","พริกขี้หนูเม็ดเล็ก(ขี้หนูสวน)","น้ำหนักผลพริกสด"
"03","พืชผัก","030570","พริกขี้หนูเม็ดใหญ่","030570","พริกขี้หนูเม็ดใหญ่","น้ำหนักผลพริกสด"
"03","พืชผัก","030580","พริกใหญ่","030580","พริกใหญ่","น้ำหนักผลพริกสด"
"03","พืชผัก","030590","พริกหยวก","030590","พริกหยวก","น้ำหนักผลพริกสด"
"03","พืชผัก","030600","พริกยักษ์","030600","พริกยักษ์","น้ำหนักผลพริกสด"
"03","พืชผัก","030610","ฟัก / แฟง","030610","ฟัก / แฟง","น้ำหนักผลสด"
"03","พืชผัก","030620","ฟักทอง","030620","ฟักทอง","น้ำหนักผลสด"
"03","พืชผัก","030630","มะเขือเทศบริโภคสด","030630","มะเขือเทศบริโภคสด","น้ำหนักผลสด"
"03","พืชผัก","030640","มะเขือเทศโรงงาน","030640","มะเขือเทศโรงงาน","น้ำหนักผลสด"
"03","พืชผัก","030650","มะเขือเปราะ","030650","มะเขือเปราะ","น้ำหนักผลสด"
"03","พืชผัก","030650","มะเขือเปราะ","030651","พันธุ์เจ้าพระยา","น้ำหนักผลสด"
"03","พืชผัก","030660","มะเขือพวง","030660","มะเขือพวง","น้ำหนักผลและก้าน"
"03","พืชผัก","030670","มะเขือม่วง","030670","มะเขือม่วง","น้ำหนักผลสด"
"03","พืชผัก","030680","มะเขือยาว","030680","มะเขือยาว","น้ำหนักผลสด"
"03","พืชผัก","030690","มะเขืออื่นๆ","030690","มะเขืออื่นๆ","น้ำหนักผลสด"
"03","พืชผัก","030700","มะระจีน","030700","มะระจีน","น้ำหนักผลสด"
"03","พืชผัก","030710","มะอึก","030710","มะอึก","น้ำหนักผลสด"
"03","พืชผัก","030720","แมงลัก","030720","แมงลัก","น้ำหนักใบ และ ลำต้น"
"03","พืชผัก","030730","สะระแหน่","030730","สะระแหน่","น้ำหนักใบ และ ลำต้น"
"03","พืชผัก","030740","หน่อไม้น้ำ","030740","หน่อไม้น้ำ","น้ำหนักหน่อสด"
"03","พืชผัก","030750","หน่อไม้ฝรั่ง","030750","หน่อไม้ฝรั่ง","น้ำหนักหน่อสด"
"03","พืชผัก","030760","หอมแดง","030760","หอมแดง","น้ำหนักหัวรวมใบ"
"03","พืชผัก","030770","หอมแบ่ง(ต้นหอม)","030770","หอมแบ่ง(ต้นหอม)","น้ำหนักใบ ลำต้นและ ราก"
"03","พืชผัก","030780","หอมหัวใหญ่","030780","หอมหัวใหญ่","น้ำหนักหัวรวมใบ"
"03","พืชผัก","030790","โหระพา","030790","โหระพา","น้ำหนักใบ และ ลำต้น"
"03","พืชผัก","030800","เห็ดฟาง","030800","เห็ดฟาง","น้ำหนักดอกเห็ด"
"03","พืชผัก","030810","เห็ดนางรมฮังการี","030810","เห็ดนางรมฮังการี","น้ำหนักดอกเห็ด"
"03","พืชผัก","030820","เห็ดเป๋าฮื้อ","030820","เห็ดเป๋าฮื้อ","น้ำหนักดอกเห็ด"
"03","พืชผัก","030830","เห็ดแชมปิยอง","030830","เห็ดแชมปิยอง","น้ำหนักดอกเห็ด"
"03","พืชผัก","030840","เห็ดหูหนู","030840","เห็ดหูหนู","น้ำหนักดอกเห็ด"
"03","พืชผัก","030850","เห็ดนางฟ้า","030850","เห็ดนางฟ้าภูฎาน","น้ำหนักดอกเห็ด"
"03","พืชผัก","030850","เห็ดนางฟ้า","030851","เห็ดนางฟ้า","น้ำหนักดอกเห็ด"
"03","พืชผัก","030860","เห็ดโคนญี่ปุ่น","030860","เห็ดโคนญี่ปุ่น","น้ำหนักดอกเห็ด"
"03","พืชผัก","030870","เห็ดหอม","030870","เห็ดหอม","น้ำหนักดอกเห็ด"
"03","พืชผัก","030880","เห็ดภูฐาน","030880","เห็ดภูฐาน",
"03","พืชผัก","030890","เห็ดขอนขาว","030890","เห็ดขอนขาว","น้ำหนักดอกเห็ด"
"03","พืชผัก","030900","เห็ดอื่นๆ","030900","เห็ดอื่นๆ","น้ำหนักดอกเห็ด"
"03","พืชผัก","030910","ซาโยเต้(ฟักแม้ว)","030910","ซาโยเต้(ฟักแม้ว)","น้ำหนักยอดสด"
"03","พืชผัก","030920","ผักเสี้ยน","030920","ผักเสี้ยน","น้ำหนักยอดสด"
"03","พืชผัก","030930","ดอกขจร","030930","ดอกขจร","น้ำหนักดอกสด"
"03","พืชผัก","030940","เมล่อนญี่ปุ่น","030940","เมล่อนญี่ปุ่น","น้ำหนักผลสด"
"03","พืชผัก","030950","แค","030950","แค","น้ำหนักดอกสด"
"03","พืชผัก","030960","เห็ดหลินจือ","030960","เห็ดหลินจือ","น้ำหนักดอกเห็ด"
"03","พืชผัก","030970","ผักกูด","030970","ผักกูด","น้ำหนักใบสด"
"03","พืชผัก","030980","ผักขะแยง","030980","ผักขะแยง","น้ำหนักใบ ลำต้นและ ราก"
"03","พืชผัก","030990","บวบงู","030990","บวบงู","น้ำหนักผลสด"
"03","พืชผัก","031010","ผักพายน้อย","031010","ผักพานน้อย","น้ำหนักใบสด"
"03","พืชผัก","031011","บัวเก็บหลด(ลากบัวหลวง)","031011","บัวเก็บหลด(รากบัวหลวง)","น้ำหนักรากสด"
"03","พืชผัก","031012","โสน","031012","โสน","น้ำหนักดอกสด"
"03","พืชผัก","031013","ดอกไม้จีน","031013","ดอกไม้จีน","น้ำหนักดอกสด"
"03","พืชผัก","031014","สตรอเบอรี่-01","031014","สตรอเบอรี่-ใหม่","น้ำหนักผลสด"
"03","พืชผัก","039990","ผักอื่นๆ","039990","ผักอื่นๆ","น้ำหนักผักสด"
"04","ไม้ผล","040100","กระท้อน","040101","กระท้อนห่อ","ผลสด"
"04","ไม้ผล","040100","กระท้อน","040102","กระท้อนเปรี้ยว","ผลสด"
"04","ไม้ผล","040100","กระท้อน","040199","กระท้อนพันธุ์อื่นๆ","ผลสด"
"04","ไม้ผล","040200","กล้วยไข่","040200","กล้วยไข่","ผลสด"
"04","ไม้ผล","040300","กล้วยน้ำว้า","040300","กล้วยน้ำว้า","ผลสด"
"04","ไม้ผล","040400","กล้วยหอม","040401","กล้วยหอมทอง","ผลสด"
"04","ไม้ผล","040400","กล้วยหอม","040402","กล้วยหอมเขียว","ผลสด"
"04","ไม้ผล","040400","กล้วยหอม","040499","กล้วยหอมพันธุ์อื่นๆ","ผลสด"
"04","ไม้ผล","040500","กล้วยตานี","040500","กล้วยตานี","ผลสด"
"04","ไม้ผล","040600","ขนุนหนัง","040600","ขนุนหนัง","ผลสด"
"04","ไม้ผล","040700","เงาะ","040701","เงาะโรงเรียน","ผลสด"
"04","ไม้ผล","040700","เงาะ","040702","เงาะสีชมพู","ผลสด"
"04","ไม้ผล","040700","เงาะ","040799","เงาะพันธุ์อื่นๆ","ผลสด"
"04","ไม้ผล","040800","จำปาดะ","040800","จำปาดะ","ผลสด"
"04","ไม้ผล","040900","ชมพู่","040901","ชมพู่เพชร","ผลสด"
"04","ไม้ผล","040900","ชมพู่","040902","ชมพู่แขกดำ","ผลสด"
"04","ไม้ผล","040900","ชมพู่","040903","ชมพู่ทูลเกล้า","ผลสด"
"04","ไม้ผล","040900","ชมพู่","040904","ชมพู่เพชรสุวรรณ","ผลสด"
"04","ไม้ผล","040900","ชมพู่","040905","ชมพู่ทับทิมจันทร์","ผลสด"
"04","ไม้ผล","040900","ชมพู่","040906","ชมพู่สาแหรก","ผลสด"
"04","ไม้ผล","040900","ชมพู่","040999","ชมพู่พันธุ์อื่นๆ","ผลสด"
"04","ไม้ผล","041000","ชำมะเลียง","041000","ชำมะเลียง","ผลสด"
"04","ไม้ผล","041100","เชอรี่","041100","เชอรี่","ผลสด"
"04","ไม้ผล","041200","ตะลิงปริง","041200","ตะลิงปริง","ผลสด"
"04","ไม้ผล","041300","ตะขบ","041300","ตะขบ","ผลสด"
"04","ไม้ผล","041400","ท้อ","041400","ท้อ","ผลสด"
"04","ไม้ผล","041500","ทับทิม","041500","ทับทิม","ผลสด"
"04","ไม้ผล","041600","ทุเรียน","041601","ทุเรียนชะนี","ผลสด"
"04","ไม้ผล","041600","ทุเรียน","041602","ทุเรียนกระดุม","ผลสด"
"04","ไม้ผล","041600","ทุเรียน","041603","ทุเรียนหมอนทอง","ผลสด"
"04","ไม้ผล","041600","ทุเรียน","041604","ทุเรียนก้านยาว","ผลสด"
"04","ไม้ผล","041600","ทุเรียน","041605","ทุเรียนพวงมณี","ผลสด"
"04","ไม้ผล","041600","ทุเรียน","041699","ทุเรียนอื่นๆ","ผลสด"
"04","ไม้ผล","041700","ทุเรียนแขก","041700","ทุเรียนแขก","ผลสด"
"04","ไม้ผล","041800","น้อยหน่า","041801","น้อยหน่าฝ้าย","ผลสด"
"04","ไม้ผล","041800","น้อยหน่า","041802","น้อยหน่าหนัง","ผลสด"
"04","ไม้ผล","041800","น้อยหน่า","041899","น้อยหน่าอื่นๆ","ผลสด"
"04","ไม้ผล","041900","น้อยโหน่ง","041900","น้อยโหน่ง","ผลสด"
"04","ไม้ผล","042000","บลูเบอรี่","042000","บลูเบอรี่","ผลสด"
"04","ไม้ผล","042100","ฝรั่ง","042101","ฝรั่งผลโต","ผลสด"
"04","ไม้ผล","042100","ฝรั่ง","042102","ฝรั่งคั้นน้ำ","ผลสด"
"04","ไม้ผล","042100","ฝรั่ง","042103","ฝรั่งกิมจู","ผลสด"
"04","ไม้ผล","042100","ฝรั่ง","042199","ฝรั่งอื่นๆ","ผลสด"
"04","ไม้ผล","042200","พลับ","042200","พลับ","ผลสด"
"04","ไม้ผล","042300","พีช","042300","พีช","ผลสด"
"04","ไม้ผล","042400","พุทรา","042401","พุทราเหรียญทอง","ผลสด"
"04","ไม้ผล","042400","พุทรา","042402","พุทราบอมเบย์","ผลสด"
"04","ไม้ผล","042400","พุทรา","042403","พุทราบอมแอปเปิ้ล","ผลสด"
"04","ไม้ผล","042400","พุทรา","042404","พุทราเจดีย์","ผลสด"
"04","ไม้ผล","042400","พุทรา","042499","พุทราพันธุ์อื่นๆ","ผลสด"
"04","ไม้ผล","042500","แพร์","042500","แพร์","ผลสด"
"04","ไม้ผล","042600","มะกรูด","042600","มะกรูด","ผลสด"
"04","ไม้ผล","042700","มะกอกฝรั่ง","042700","มะกอกฝรั่ง","ผลสด"
"04","ไม้ผล","042800","มะขาม","042801","มะขามสีทอง","ฝักแห้ง"
"04","ไม้ผล","042800","มะขาม","042802","มะขามศรีชมภู","ฝักแห้ง"
"04","ไม้ผล","042800","มะขาม","042803","มะขามหมื่นจง","ฝักแห้ง"
"04","ไม้ผล","042800","มะขาม","042804","มะขามขันตี","ฝักแห้ง"
"04","ไม้ผล","042800","มะขาม","042805","มะขามน้ำผึ้ง","ฝักแห้ง"
"04","ไม้ผล","042800","มะขาม","042806","มะขามอินทผาลัม","ฝักแห้ง"
"04","ไม้ผล","042800","มะขาม","042807","มะขามเปรี้ยว","ฝักแห้ง"
"04","ไม้ผล","042800","มะขาม","042808","มะขามพระโรจน์","ฝักแห้ง"
"04","ไม้ผล","042800","มะขาม","042809","มะขามประกายทอง","ฝักแห้ง"
"04","ไม้ผล","042800","มะขาม","042899","มะขามอื่นๆ","ฝักแห้ง"
"04","ไม้ผล","042900","มะขามเทศ","042901","มะขามเทศพันธุ์ฝักโต","ฝักแห้ง"
"04","ไม้ผล","042900","มะขามเทศ","042902","มะขามเทศพันธุ์อื่น","ฝักแห้ง"
"04","ไม้ผล","043000","มะขวิด","043000","มะขวิด","ผลสด"
"04","ไม้ผล","043100","มะงั่ว","043100","มะงั่ว","ผลสด"
"04","ไม้ผล","043200","มะดัน","043200","มะดัน","ผลสด"
"04","ไม้ผล","043300","มะเดื่อ","043300","มะเดื่อ","ผลสด"
"04","ไม้ผล","043400","มะตูม","043400","มะตูม","ผลสด"
"04","ไม้ผล","043500","มะนาว","043500","มะนาว","ผลสด"
"04","ไม้ผล","043500","มะนาว","043502","มะนาวแป้น","ผลสด"
"04","ไม้ผล","043600","มะปรางหวาน","043601","มะปรางหวานพื้นเมือง","ผลสด"
"04","ไม้ผล","043600","มะปรางหวาน","043602","มะปรางหวานไข่ไก่","ผลสด"
"04","ไม้ผล","043700","มะเฟือง","043700","มะเฟือง","ผลสด"
"04","ไม้ผล","043800","มะไฟ","043800","มะไฟ","ผลสด"
"04","ไม้ผล","043900","มะม่วง","043901","มะม่วงแรด","ผลสด"
"04","ไม้ผล","043900","มะม่วง","043902","มะม่วงเขียวเสวย","ผลสด"
"04","ไม้ผล","043900","มะม่วง","043903","มะม่วงน้ำดอกไม้","ผลสด"
"04","ไม้ผล","043900","มะม่วง","043904","มะม่วงหนังกลางวัน","ผลสด"
"04","ไม้ผล","043900","มะม่วง","043905","มะม่วงทองดำ","ผลสด"
"04","ไม้ผล","043900","มะม่วง","043906","มะม่วงอกร่อง","ผลสด"
"04","ไม้ผล","043900","มะม่วง","043907","มะม่วงพิมเสนเปรี้ยว","ผลสด"
"04","ไม้ผล","043900","มะม่วง","043908","มะม่วงแก้ว","ผลสด"
"04","ไม้ผล","043900","มะม่วง","043909","มะม่วงโชคอนันต์","ผลสด"
"04","ไม้ผล","043900","มะม่วง","043910","มะม่วงหนองแซง","ผลสด"
"04","ไม้ผล","043900","มะม่วง","043911","มะม่วงฟ้าลั่น","ผลสด"
"04","ไม้ผล","043900","มะม่วง","043912","มะม่วงงามเมืองย่า","ผลสด"
"04","ไม้ผล","043900","มะม่วง","043913","มะม่วงเพชรบ้านลาด","ผลสด"
"04","ไม้ผล","043900","มะม่วง","043914","มะม่วงยายกล่ำ","ผลสด"
"04","ไม้ผล","043900","มะม่วง","043915","มะม่วงเขียวมรกต","ผลสด"
"04","ไม้ผล","043900","มะม่วง","043916","มะม่วงมหาชนก","ผลสด"
"04","ไม้ผล","043900","มะม่วง","043917","มะม่วงขาวนิยม","ผลสด"
"04","ไม้ผล","043900","มะม่วง","043918","มะม่วงนวลจันทร์","ผลสด"
"04","ไม้ผล","043900","มะม่วง","043919","มะม่วงแก้วลืมรัง","ผลสด"
"04","ไม้ผล","043900","มะม่วง","043999","มะม่วงพันธุ์อื่นๆ","ผลสด"
"04","ไม้ผล","044000","มะยงชิด","044000","มะยงชิด","ผลสด"
"04","ไม้ผล","044100","มะยม","044100","มะยม","ผลสด"
"04","ไม้ผล","044200","มะละกอ","044201","มะละกอแขกดำ","ผลสด"
"04","ไม้ผล","044200","มะละกอ","044202","มะละกอแขกนวล","ผลสด"
"04","ไม้ผล","044200","มะละกอ","044203","มะละกอโกโก้","ผลสด"
"04","ไม้ผล","044200","มะละกอ","044204","มะละกอสายน้ำผึ้ง","ผลสด"
"04","ไม้ผล","044200","มะละกอ","044205","มะละกอฮอลล์แลนด์","ผลสด"
"04","ไม้ผล","044200","มะละกอ","044299","มะละกอพันธุ์อื่นๆ","ผลสด"
"04","ไม้ผล","044300","มังคุด","044300","มังคุด","ผลสด"
"04","ไม้ผล","044400","ระกำ","044400","ระกำ","ผลสด"
"04","ไม้ผล","044500","ลองกอง","044500","ลองกอง","ผลสด"
"04","ไม้ผล","044600","ละมุด","044601","ละมุดมะกอก","ผลสด"
"04","ไม้ผล","044600","ละมุด","044602","ละมุดกระสวย","ผลสด"
"04","ไม้ผล","044600","ละมุด","044603","ละมุดไข่ห่าน","ผลสด"
"04","ไม้ผล","044600","ละมุด","044699","ละมุดพันธุ์อื่นๆ","ผลสด"
"04","ไม้ผล","044700","ละไม","044700","ละไม","ผลสด"
"04","ไม้ผล","044800","ลางสาด","044800","ลางสาด","ผลสด"
"04","ไม้ผล","044900","ลำไย","044901","ลำไยอีดอ","ผลสด"
"04","ไม้ผล","044900","ลำไย","044902","ลำไยเบี้ยวเขียว","ผลสด"
"04","ไม้ผล","044900","ลำไย","044903","ลำไยแห้ว","ผลสด"
"04","ไม้ผล","044900","ลำไย","044904","ลำไยสีชมพู","ผลสด"
"04","ไม้ผล","044900","ลำไย","044905","ลำไยกะโหลก","ผลสด"
"04","ไม้ผล","044900","ลำไย","044906","ลำไยเพชรสาคร","ผลสด"
"04","ไม้ผล","044900","ลำไย","044999","ลำไยพันธุ์อื่นๆ","ผลสด"
"04","ไม้ผล","045000","ลิ้นจี่","045001","ลิ้นจี่ฮงฮวย","ผลสด"
"04","ไม้ผล","045000","ลิ้นจี่","045002","ลิ้นจี่โอเฮี้ยะ","ผลสด"
"04","ไม้ผล","045000","ลิ้นจี่","045003","ลิ้นจี่กิมเจ็ง","ผลสด"
"04","ไม้ผล","045000","ลิ้นจี่","045004","ลิ้นจี่จักรพรรดิ์","ผลสด"
"04","ไม้ผล","045000","ลิ้นจี่","045005","ลิ้นจี่ค่อม","ผลสด"
"04","ไม้ผล","045000","ลิ้นจี่","045007","ลิ้นจี่ไทย","ผลสด"
"04","ไม้ผล","045000","ลิ้นจี่","045008","ลิ้นจี่จีน","ผลสด"
"04","ไม้ผล","045000","ลิ้นจี่","045009","ลิ้นจี่สำเภาแก้ว","ผลสด"
"04","ไม้ผล","045000","ลิ้นจี่","045010","ลิ้นจี่นพ.1","ผลสด"
"04","ไม้ผล","045000","ลิ้นจี่","045099","ลิ้นจี่พันธุ์อื่นๆ","ผลสด"
"04","ไม้ผล","045100","สตรอเบอรี่","045100","สตรอเบอรี่","ผลสด"
"04","ไม้ผล","045300","สละ","045301","สละเนินวง","ผลสด"
"04","ไม้ผล","045300","สละ","045302","สละพันธุ์อื่นๆ","ผลสด"
"04","ไม้ผล","045400","ส้มเกลี้ยง","045400","ส้มเกลี้ยง","ผลสด"
"04","ไม้ผล","045500","ส้มเขียวหวาน","045501","ส้มเขียวหวานบางมด","ผลสด"
"04","ไม้ผล","045500","ส้มเขียวหวาน","045502","ส้มเขียวหวานโชกุน(สายน้ำผึ้ง)","ผลสด"
"04","ไม้ผล","045500","ส้มเขียวหวาน","045503","ส้มเขียวหวานฟรีมองต์","ผลสด"
"04","ไม้ผล","045500","ส้มเขียวหวาน","045504","ส้มเขียวหวานสีทอง","ผลสด"
"04","ไม้ผล","045600","ส้มจุก","045600","ส้มจุก","ผลสด"
"04","ไม้ผล","045700","ส้มตรา(ส้มเช้ง)","045700","ส้มตรา(ส้มเช้ง)","ผลสด"
"04","ไม้ผล","045800","ส้มโอ","045801","ส้มโอทองดี","ผลสด"
"04","ไม้ผล","045800","ส้มโอ","045802","ส้มโอขาวแป้น","ผลสด"
"04","ไม้ผล","045800","ส้มโอ","045803","ส้มโอขาวพวง","ผลสด"
"04","ไม้ผล","045800","ส้มโอ","045804","ส้มโอขาวน้ำผึ้ง","ผลสด"
"04","ไม้ผล","045800","ส้มโอ","045805","ส้มโอขาวหอม","ผลสด"
"04","ไม้ผล","045800","ส้มโอ","045806","ส้มโอขาวใหญ่","ผลสด"
"04","ไม้ผล","045800","ส้มโอ","045807","ส้มโอขาวแตงกวา","ผลสด"
"04","ไม้ผล","045800","ส้มโอ","045808","ส้มโอท่าข่อย","ผลสด"
"04","ไม้ผล","045800","ส้มโอ","045809","ส้มโอทับทิมสยาม","ผลสด"
"04","ไม้ผล","045800","ส้มโอ","045899","ส้มโอพันธุ์อื่นๆ","ผลสด"
"04","ไม้ผล","045900","สาลี่","045900","สาลี่","ผลสด"
"04","ไม้ผล","046000","เสาวรส","046000","เสาวรส","ผลสด"
"04","ไม้ผล","046100","องุ่น","046101","องุ่นไวน์มะละกา","ผลสด"
"04","ไม้ผล","046100","องุ่น","046102","องุ่นคาร์ดินัล","ผลสด"
"04","ไม้ผล","046100","องุ่น","046103","องุ่นทำไวน์","ผลสด"
"04","ไม้ผล","046100","องุ่น","046199","องุ่นพันธุ์อื่นๆ","ผลสด"
"04","ไม้ผล","046200","แอปเปิ้ล","046200","แอปเปิ้ล","ผลสด"
"04","ไม้ผล","046300","มะกอกน้ำ","046300","มะกอกน้ำ","ผลสด"
"04","ไม้ผล","046400","โลควอท","046400","โลควอท","ผลสด"
"04","ไม้ผล","046500","อโวกาโด","046500","อโวกาโด","ผลสด"
"04","ไม้ผล","046600","ส้มซ่า","046600","ส้มซ่า","ผลสด"
"04","ไม้ผล","046700","แก้วมังกร","046700","แก้วมังกร","ผลสด"
"04","ไม้ผล","046800","เพกา","046800","เพกา","ฝักสด"
"04","ไม้ผล","046900","กล้วยเล็บมือนาง","046900","กล้วยเล็บมือนาง","ผลสด"
"04","ไม้ผล","047000","กล้วยหิน","047000","กล้วยหิน","ผลสด"
"04","ไม้ผล","047100","หมากเม่า","049000","หมากเม่า","ผลสด"
"04","ไม้ผล","047200","บ๊วย","047200","บ๊วย",
"04","ไม้ผล","049900","ไม้ผลอื่นๆ","049900","ไม้ผลอื่นๆ","ผลสด"
"05","ไม้ยืนต้น","050010","กระถินเทพา","050010","กระถินเทพา ","ต้น"
"05","ไม้ยืนต้น","050020","กาแฟ","050021","กาแฟอาราบิก้า","สารกาแฟ(เมล็ดกาแฟดิบ)"
"05","ไม้ยืนต้น","050020","กาแฟ","050022","กาแฟโรบัสต้า","สารกาแฟ(เมล็ดกาแฟดิบ)"
"05","ไม้ยืนต้น","050020","กาแฟ","050023","กาแฟพันธุ์อื่นๆ","สารกาแฟ(เมล็ดกาแฟดิบ)"
"05","ไม้ยืนต้น","050030","กาน้า(สมอจีน)","050030","กาน้ำ(สมอจีน)","เมล็ดแห้ง"
"05","ไม้ยืนต้น","050040","เกาลัดจีน","050040","เกาลัดจีน","เมล็ดทั้งกะลา"
"05","ไม้ยืนต้น","050050","โกโก้","050050","โกโก้","เมล็ดแห้ง"
"05","ไม้ยืนต้น","050060","ขี้เหล็ก","050060","ขี้เหล็ก","ใบสด"
"05","ไม้ยืนต้น","050070","จาก","050070","จาก","ผลสด"
"05","ไม้ยืนต้น","050080","ชา","050081","ชาจีน","ใบชาแห้ง"
"05","ไม้ยืนต้น","050080","ชา","050082","ชาอัสสัม","ใบชาแห้ง"
"05","ไม้ยืนต้น","050080","ชา","050083","ชาพันธุ์อื่นๆ","ใบชาแห้ง"
"05","ไม้ยืนต้น","050090","นุ่น","050090","นุ่น","ปุยนุ่น"
"05","ไม้ยืนต้น","050100","ตาลโตนด","050100","ตาลโตนด","ผลสด"
"05","ไม้ยืนต้น","050110","ปาล์มน้ำมัน","050110","ปาล์มน้ำมัน","เมล็ดปาล์มสด"
"05","ไม้ยืนต้น","050120","มะคาเดเมีย","050120","มะคาเดเมีย","เมล็ดทั้งกะลา"
"05","ไม้ยืนต้น","050130","มะพร้าว","050131","มะพร้าวอ่อน","ผลสดเอาเปลือกออก"
"05","ไม้ยืนต้น","050130","มะพร้าว","050132","มะพร้าวแก่","ผลแห้ง"
"05","ไม้ยืนต้น","050130","มะพร้าว","050133","มะพร้าวน้ำตาล-พันธุ์สีหม้อ","ผลแห้ง"
"05","ไม้ยืนต้น","050140","มะม่วงหิมพานต์","050141","มะม่วงหิมพานต์ศิริชัย","เมล็ดทั้งเปลือก"
"05","ไม้ยืนต้น","050140","มะม่วงหิมพานต์","050142","มะม่วงหิมพานต์ ศก.601","เมล็ดทั้งเปลือก"
"05","ไม้ยืนต้น","050140","มะม่วงหิมพานต์","050143","มะม่วงหิมพานต์ ศก.60","เมล็ดทั้งเปลือก"
"05","ไม้ยืนต้น","050140","มะม่วงหิมพานต์","050144","มะม่วงหิมพานต์พันธุ์อื่นๆ","เมล็ดทั้งเปลือก"
"05","ไม้ยืนต้น","050150","มะรุม","050150","มะรุม","ฝักสด"
"05","ไม้ยืนต้น","050170","ยางพารา","050171","ยางพาราพันธุ์ส่งเสริม","ยางแผ่นดิบ"
"05","ไม้ยืนต้น","050170","ยางพารา","050172","ยางพาราพันธุ์พื้นเมือง","ยางแผ่นดิบ"
"05","ไม้ยืนต้น","050180","ยูคาลิปตัส","050180","ยูคาลิปตัส","ต้น"
"05","ไม้ยืนต้น","050190","ลูกเนียง","050190","ลูกเนียง","ผลสด"
"05","ไม้ยืนต้น","050200","ลูกเหลียง","050200","ลูกเหรียง","ผลสด"
"05","ไม้ยืนต้น","050210","ไม้สัก","050210","ไม้สัก","ต้น"
"05","ไม้ยืนต้น","050220","สะเดา","050221","สะเดาไทย","ช่อดอก"
"05","ไม้ยืนต้น","050220","สะเดา","050222","สะเดาช้าง(สะเดาเทียม)","ช่อดอก"
"05","ไม้ยืนต้น","050220","สะเดา","050223","สะเดาอินเดีย","ช่อดอก"
"05","ไม้ยืนต้น","050220","สะเดา","050224","สะเดาทวาย","ช่อดอก"
"05","ไม้ยืนต้น","050220","สะเดา","050229","สะเดาอื่นๆ","ช่อดอก"
"05","ไม้ยืนต้น","050230","สะตอ","050230","สะตอ","ฝักสด"
"05","ไม้ยืนต้น","050240","สาเก","050240","สาเก","ผลสด"
"05","ไม้ยืนต้น","050250","หมาก","050250","หมาก","ผลสด"
"05","ไม้ยืนต้น","050260","หวาย","050261","หวายกินหน่อ","หน่อสด"
"05","ไม้ยืนต้น","050260","หวาย","050262","หวายใช้ลำ","ลำสด"
"05","ไม้ยืนต้น","050270","หยี","050270","หยี","ผลสด"
"05","ไม้ยืนต้น","050280","ไผ่","050281","ไผ่ตงเขียว","หน่อสด"
"05","ไม้ยืนต้น","050280","ไผ่","050282","ไผ่ตงดำ","หน่อสด"
"05","ไม้ยืนต้น","050280","ไผ่","050283","ไผ่สีสุก","หน่อสด"
"05","ไม้ยืนต้น","050280","ไผ่","050284","ไผ่รวก","หน่อสด"
"05","ไม้ยืนต้น","050280","ไผ่","050285","ไผ่เลี้ยง","หน่อสด"
"05","ไม้ยืนต้น","050280","ไผ่","050286","ไผ่หมาจู","หน่อสด"
"05","ไม้ยืนต้น","050280","ไผ่","050287","ไผ่บงหวาน","หน่อสด"
"05","ไม้ยืนต้น","050280","ไผ่","050288","ไผ่หลินจู","หน่อสด"
"05","ไม้ยืนต้น","050280","ไผ่","050289","ไผ่พันธุ์อื่นๆ","หน่อสด"
"05","ไม้ยืนต้น","050290","หม่อน","050290","หม่อน","ใบสด"
"05","ไม้ยืนต้น","050300","อินทผาลัม","050300","อินทผาลัม","ผลสด"
"05","ไม้ยืนต้น","050310","ตะกู","050310","ตะกู","ต้น"
"05","ไม้ยืนต้น","050320","ต้นน้ำมันตุง","050320","ต้นน้ำมันตุง","ผลสด"
"05","ไม้ยืนต้น","050330","ผักเหลียง(ผักเหมียง)","050330","ผักเหลียง(ผักเหมียง)","ใบสด"
"05","ไม้ยืนต้น","050340","ต้นคราม","050340","ต้นคราม","ต้น"
"05","ไม้ยืนต้น","050350","ต้นสีเสียด","050350","ต้นสีเสียด","ต้น"
"05","ไม้ยืนต้น","050360","ต้นสนประดิพัทธ์","050360","ต้นสนประดิพัทธ์","ต้น"
"05","ไม้ยืนต้น","050370","ผักหวานป่า","050370","ผักหวานป่า","ใบสด"
"05","ไม้ยืนต้น","050380","มะพร้าวตัดยอด","050380","มะพร้าวตัดยอด","ยอดสด"
"05","ไม้ยืนต้น","050390","ต้นยางนา","050390","ต้นยางนา",
"05","ไม้ยืนต้น","050990","ไม้ยืนต้นอื่นๆ","050990","ไม้ยืนต้นอื่นๆ","ต้น"
"06","ไม้ดอก","061010","กล้วยไม้ (ไม้ตัดดอกเมืองร้อน)","061011","กล้วยไม้พันธุ์พื้นเมือง",
"06","ไม้ดอก","061010","กล้วยไม้ (ไม้ตัดดอกเมืองร้อน)","061012","กล้วยไม้พันธุ์ฟาแลนอปซิส",
"06","ไม้ดอก","061010","กล้วยไม้ (ไม้ตัดดอกเมืองร้อน)","061013","กล้วยไม้พันธุ์แวนดา/แอสโคเซนดา",
"06","ไม้ดอก","061010","กล้วยไม้ (ไม้ตัดดอกเมืองร้อน)","061014","กล้วยไม้พันธุ์หวาย",
"06","ไม้ดอก","061010","กล้วยไม้ (ไม้ตัดดอกเมืองร้อน)","061015","กล้วยไม้พันธุ์มอคคารา/อแรนดา",
"06","ไม้ดอก","061010","กล้วยไม้ (ไม้ตัดดอกเมืองร้อน)","061016","เรแนนเธอรา/อแรคนิส",
"06","ไม้ดอก","061010","กล้วยไม้ (ไม้ตัดดอกเมืองร้อน)","061017","กล้วยไม้พันธุ์ออนซิเดียม",
"06","ไม้ดอก","061010","กล้วยไม้ (ไม้ตัดดอกเมืองร้อน)","061019","กล้วยไม้ตัดดอกอื่นๆ",
"06","ไม้ดอก","062010","ขิงแดง","062010","ขิงแดง",
"06","ไม้ดอก","062020","ซ่อนกลิ่น","062020","ซ่อนกลิ่น",
"06","ไม้ดอก","062030","ดาหลา","062030","ดาหลา",
"06","ไม้ดอก","062040","ธรรมรักษา","062040","ธรรมรักษา",
"06","ไม้ดอก","062050","บัวหลวง","062050","บัวหลวง",
"06","ไม้ดอก","062060","บานชื่น (ไม้ตัดดอกเมืองร้อน)","062060","บานชื่น",
"06","ไม้ดอก","062070","ปทุมมา","062070","ปทุมมา",
"06","ไม้ดอก","062080","หน้าวัว (ไม้ตัดดอกเมืองร้อน)","062080","หน้าวัว",
"06","ไม้ดอก","062090","ไม้ดอกเมืองร้อนอื่น ๆ ","062090","ไม้ดอกเมืองร้อนอื่น ๆ ",
"06","ไม้ดอก","063010","กุหลาบตัดดอก","063010","กุหลาบตัดดอก",
"06","ไม้ดอก","063020","แกลดิโอลัส","063020","แกลดิโอลัส",
"06","ไม้ดอก","063030","คาร์เนชั่น","063030","คาร์เนชั่น",
"06","ไม้ดอก","063040","จิบโซฟิลา","063040","จิบโซฟิลา",
"06","ไม้ดอก","063050","ไชนิสฟอร์เกตมีนอท","063050","ไชนิสฟอร์เกตมีนอท",
"06","ไม้ดอก","063060","ดอกกระดาษ","063060","ดอกกระดาษ",
"06","ไม้ดอก","063070","เบญจมาศ","063070","เบญจมาศ",
"06","ไม้ดอก","063080","พีค็อก","063080","พีค็อก",
"06","ไม้ดอก","063090","เยอบีร่า","063090","เยอบีร่า",
"06","ไม้ดอก","063100","ลิลลี่","063100","ลิลลี่",
"06","ไม้ดอก","063110","สแตติส","063110","สแตติส",
"06","ไม้ดอก","063120","สร้อยทอง","063120","สร้อยทอง",
"06","ไม้ดอก","063130","อัลสโตรมีเรีย","063130","อัลสโตรมีเรีย",
"06","ไม้ดอก","063140","แอสเตอร์","063140","แอสเตอร์",
"06","ไม้ดอก","063150","ไม้ดอกเมืองหนาวอื่น ๆ ","063150","ไม้ดอกเมืองหนาวอื่น ๆ ",
"06","ไม้ดอก","064010","กุหลาบร้อยมาลัย","064010","กุหลาบร้อยมาลัย","น้ำหนักดอกสด"
"06","ไม้ดอก","064020","จำปี-จำปา","064020","จำปี-จำปา","น้ำหนักดอกสด"
"06","ไม้ดอก","064030","ดาวเรือง","064030","ดาวเรือง","น้ำหนักดอกสด"
"06","ไม้ดอก","064040","ดอกพุด","064040","ดอกพุด","น้ำหนักดอกสด"
"06","ไม้ดอก","064050","บานไม่รู้โรย","064050","บานไม่รู้โรย","น้ำหนักดอกสด"
"06","ไม้ดอก","064060","มะลิ (ไม้เด็ดดอก)","064060","มะลิ","น้ำหนักดอกสด"
"06","ไม้ดอก","064070","ดอกรัก","064070","ดอกรัก","น้ำหนักดอกสด"
"06","ไม้ดอก","064990","ไม้เด็ดดอกอื่น ๆ ","064990","ไม้เด็ดดอกอื่น ๆ ",
"06","ไม้ดอก","065010","กล้วยไม้ (ไม้ดอกกระถาง)","065011","แวนดา / แอสโคเซนดา",
"06","ไม้ดอก","065010","กล้วยไม้ (ไม้ดอกกระถาง)","065012","หวาย",
"06","ไม้ดอก","065010","กล้วยไม้ (ไม้ดอกกระถาง)","065013","ฟาแลนอปซิส",
"06","ไม้ดอก","065010","กล้วยไม้ (ไม้ดอกกระถาง)","065019","กล้วยไม้กระถางอื่นๆ",
"06","ไม้ดอก","065020","มะลิ (ไม้ดอกกระถาง)","065020","มะลิ","เป็นไม้ที่ปลูกลงกระถางหรือปลูกในถุงพลาสติกขนาดใหญ่"
"06","ไม้ดอก","065030","รักเร่","065030","รักเร่","เป็นไม้ที่ปลูกลงกระถางหรือปลูกในถุงพลาสติกขนาดใหญ่"
"06","ไม้ดอก","065040","หน้าวัว (ไม้ดอกกระถาง)","065040","หน้าวัว","เป็นไม้ที่ปลูกลงกระถางหรือปลูกในถุงพลาสติกขนาดใหญ่"
"06","ไม้ดอก","065050","กุหลาบกระถาง","065050","กุหลาบ","เป็นไม้ที่ปลูกลงกระถางหรือปลูกในถุงพลาสติกขนาดใหญ่"
"06","ไม้ดอก","065060","ดาวกระจาย","065060","ดาวกระจาย","เป็นไม้ที่ปลูกลงกระถางหรือปลูกในถุงพลาสติกขนาดใหญ่"
"06","ไม้ดอก","065070","บานชื่น (ไม้ดอกกระถาง)","065070","บานชื่น","เป็นไม้ที่ปลูกลงกระถางหรือปลูกในถุงพลาสติกขนาดใหญ่"
"06","ไม้ดอก","065080","หงอนไก่","065080","หงอนไก่","เป็นไม้ที่ปลูกลงกระถางหรือปลูกในถุงพลาสติกขนาดใหญ่"
"06","ไม้ดอก","065090","ฮอลลีฮอค","065090","ฮอลลีฮอค","เป็นไม้ที่ปลูกลงกระถางหรือปลูกในถุงพลาสติกขนาดใหญ่"
"06","ไม้ดอก","065100","เดหลี","065100","เดหลี","เป็นไม้ที่ปลูกลงกระถางหรือปลูกในถุงพลาสติกขนาดใหญ่"
"06","ไม้ดอก","065110","ปักษาสวรรค์ ","065110","ปักษาสวรรค์","เป็นไม้ที่ปลูกลงกระถางหรือปลูกในถุงพลาสติกขนาดใหญ่"
"07","ไม้ประดับ","071010","กล้วยประดับ","071010","กล้วยประดับ",
"07","ไม้ประดับ","071020","โกสน","071020","โกสน",
"07","ไม้ประดับ","071030","เข็ม ","071030","เข็ม ",
"07","ไม้ประดับ","071040","คริสต์มาส","071040","คริสต์มาส",
"07","ไม้ประดับ","071050","คล้า","071050","คล้า",
"07","ไม้ประดับ","071060","แคคตัส","071060","แคคตัส",
"07","ไม้ประดับ","071070","ชวนชม ","071070","ชวนชม ",
"07","ไม้ประดับ","071080","ชาฮกเกี้ยน","071080","ชาฮกเกี้ยน",
"07","ไม้ประดับ","071090","ซองออฟอินเดีย","071090","ซองออฟอินเดีย",
"07","ไม้ประดับ","071100","ดิฟเฟนบาเกีย","071100","ดิฟเฟนบาเกีย",
"07","ไม้ประดับ","071110","เดป","071110","เดป",
"07","ไม้ประดับ","071120","เตย ","071120","เตย ",
"07","ไม้ประดับ","071130","ไทร","071130","ไทร",
"07","ไม้ประดับ","071140","บอนสีกระถาง","071140","บอนสีกระถาง",
"07","ไม้ประดับ","071150","บัวประดับ","071150","บัวประดับ",
"07","ไม้ประดับ","071150","บัวประดับ","071151","บัววิกตอเรีย(บัวกระด้ง)",
"07","ไม้ประดับ","071160","ปาล์มต่าง ๆ ","071160","ปาล์มต่าง ๆ ",
"07","ไม้ประดับ","071170","โป๊ยเซียน","071170","โป๊ยเซียน",
"07","ไม้ประดับ","071180","ไผ่ประดับ","071180","ไผ่ประดับ",
"07","ไม้ประดับ","071190","ไผ่กวนอิม","071190","ไผ่กวนอิม",
"07","ไม้ประดับ","071200","ไผ่ฟิลิปินส์","071200","ไผ่ฟิลิปินส์",
"07","ไม้ประดับ","071210","ปริก","071210","ปริก",
"07","ไม้ประดับ","071220","ต้นพุด","071220","ต้นพุด",
"07","ไม้ประดับ","071230","ฟิโลเดนดรอน","071230","ฟิโลเดนดรอน",
"07","ไม้ประดับ","071240","เฟิร์น (ไม้ประดับกระถาง)","071241","เฟิร์นข้าหลวง",
"07","ไม้ประดับ","071240","เฟิร์น (ไม้ประดับกระถาง)","071242","เฟิร์นใบมะขาม",
"07","ไม้ประดับ","071240","เฟิร์น (ไม้ประดับกระถาง)","071243","เฟิร์นนาคราช",
"07","ไม้ประดับ","071240","เฟิร์น (ไม้ประดับกระถาง)","071244","เฟิร์นใบหนัง",
"07","ไม้ประดับ","071240","เฟิร์น (ไม้ประดับกระถาง)","071245","เฟิร์นอื่น ๆ ",
"07","ไม้ประดับ","071250","เฟื่องฟ้า","071250","เฟื่องฟ้า",
"07","ไม้ประดับ","071260","ลีลาวดี (ไม้ประดับกระถาง)","071260","ลีลาวดี",
"07","ไม้ประดับ","071270","ลิ้นมังกร","071270","ลิ้นมังกร",
"07","ไม้ประดับ","071280","ว่านสี่ทิศ","071280","ว่านสี่ทิศ",
"07","ไม้ประดับ","071290","ว่านต่าง ๆ","071290","ว่านต่าง ๆ",
"07","ไม้ประดับ","071300","วาสนา","071300","วาสนา",
"07","ไม้ประดับ","071310","สับปะรดประดับ","071310","สับปะรดประดับ",
"07","ไม้ประดับ","071320","หยก","071320","หยก",
"07","ไม้ประดับ","071330","หน้าวัวกระถาง","071330","หน้าวัวกระถาง",
"07","ไม้ประดับ","071340","ปาล์ม/หมากต่าง ๆ","071340","ปาล์ม/หมากต่าง ๆ",
"07","ไม้ประดับ","071350","หมากผู้หมากเมีย (ไม้ประดับกระถาง)","071350","หมากผู้หมากเมีย",
"07","ไม้ประดับ","071360","อโกลนีมา/แก้วกาญจนา","071360","อโกลนีมา/แก้วกาญจนา",
"07","ไม้ประดับ","071370","ฮอลลีฮอค","071370","ฮอลลีฮอค",
"07","ไม้ประดับ","071380","โฮย่า","071380","โฮย่า",
"07","ไม้ประดับ","071390","ไม้ประดับกระถางอื่น ๆ","071390","ไม้ประดับกระถางอื่น ๆ",
"07","ไม้ประดับ","072010","ไม้ชำถุงอื่น ๆ ","072010","ไม้ชำถุงอื่น ๆ ","ไม้ชำถุงมักมีขนาดเล็ก"
"07","ไม้ประดับ","073010","ลีลาวดี (ไม้ขุดล้อม)","073010","ลีลาวดี","เป็นไม้ที่ปลูกในดินและนำมาประดับจะขุดโคนต้น"
"07","ไม้ประดับ","073020","หมาก/ปาล์ม","073020","หมาก/ปาล์ม(ไม้ขุดล้อม)","เป็นไม้ที่ปลูกในดินและนำมาประดับจะขุดโคนต้น"
"07","ไม้ประดับ","073030","ปรง","073030","ปรง","เป็นไม้ที่ปลูกในดินและนำมาประดับจะขุดโคนต้น"
"07","ไม้ประดับ","073040","สน","073040","สน","เป็นไม้ที่ปลูกในดินและนำมาประดับจะขุดโคนต้น"
"07","ไม้ประดับ","073050","ไม้ขุดล้อมอื่น ๆ ","073050","ไม้ขุดล้อมอื่น ๆ","เป็นไม้ที่ปลูกในดินและนำมาประดับจะขุดโคนต้น"
"07","ไม้ประดับ","074010","บอนสี","074010","บอนสี",
"07","ไม้ประดับ","074020","ปทุมมา","074020","ปทุมมา",
"07","ไม้ประดับ","074030","ไม้หัวอื่น ๆ ","074030","ไม้หัวอื่น ๆ ",
"07","ไม้ประดับ","075010","โปร่งฟ้า","075010","โปร่งฟ้า",
"07","ไม้ประดับ","075020","หมากผู้หมากเมีย (ไม้ตัดใบ)","075020","หมากผู้หมากเมีย",
"07","ไม้ประดับ","075030","หมากเหลือง","075030","หมากเหลือง",
"07","ไม้ประดับ","075040","ฟิโลเดนดรอน (พลูจีบ หูช้างซานนาดู ฯลฯ)","075040","ฟิโลเดนดรอน (พลูจีบ หูช้างซานน",
"07","ไม้ประดับ","075050","มอนสเตอร่า","075050","มอนสเตอร่า",
"07","ไม้ประดับ","075060","เฟิร์น (ไม้ตัดใบ)","075061","เฟิร์นใบหนัง",
"07","ไม้ประดับ","075060","เฟิร์น (ไม้ตัดใบ)","075062","เฟิร์นนาคราช",
"07","ไม้ประดับ","075060","เฟิร์น (ไม้ตัดใบ)","075063","เฟิร์นใบมะขาม",
"07","ไม้ประดับ","075070","ไม้ตัดใบอื่น ๆ","075070","ไม้ตัดใบอื่น ๆ",
"07","ไม้ประดับ","076010","หญ้าปูสนาม","076010","หญ้าปูสนาม",
"07","ไม้ประดับ","076011","หมากแดง","076011","หมากแดง",
"07","ไม้ประดับ","076012","กุหลาบหิน","076012","กุหลาบหิน  ",
"07","ไม้ประดับ","076013","กวักมรกต","076013","กวักมรกต ",
"07","ไม้ประดับ","076014","จั๋ง ","076014","จั๋ง",
"07","ไม้ประดับ","076015","ดราซีน่า","076015","ดราซีน่า",
"07","ไม้ประดับ","076016","หม้อข้าวหม้อแกงลิง","076016","หม้อข้าวหม้อแกงลิง  ",
"07","ไม้ประดับ","076017","ไม้น้ำ","076017","ไม้น้ำ",
"07","ไม้ประดับ","076018","พุด(ไม้ตัดใบ)","076018","พุด(ไม้ตัดใบ)",
"08","สมุนไพรและเครื่องเทศ (รต.01)","080010","กระเจี๊ยบแดง","080010","กระเจี๊ยบแดง","ดอกกระเจี๊ยบแห้ง"
"08","สมุนไพรและเครื่องเทศ (รต.01)","080020","กระชายดำ","080020","กระชายดำ","เหง้าสด"
"08","สมุนไพรและเครื่องเทศ (รต.01)","080030","กระวาน","080030","กระวาน","ผลกระวานแห้ง"
"08","สมุนไพรและเครื่องเทศ (รต.01)","080040","กวาวเครือขาว","080040","กวาวเครือขาว","หัวแห้ง"
"08","สมุนไพรและเครื่องเทศ (รต.01)","080050","ขมิ้นชัน","080050","ขมิ้นชัน","เหง้าสด"
"08","สมุนไพรและเครื่องเทศ (รต.01)","080060","ขมิ้นอ้อย","080060","ขมิ้นอ้อย","เหง้าสด"
"08","สมุนไพรและเครื่องเทศ (รต.01)","080070","คำฝอย","080070","คำฝอย","กลีบดอกแห้ง"
"08","สมุนไพรและเครื่องเทศ (รต.01)","080080","เจตมูลเพลิงขาว","080080","เจตมูลเพลิงขาว","รากแห้ง"
"08","สมุนไพรและเครื่องเทศ (รต.01)","080090","เจตมูลเพลิงแดง","080090","เจตมูลเพลิงแดง","รากแห้ง"
"08","สมุนไพรและเครื่องเทศ (รต.01)","080100","เจียวกู่หลาน(ปัญจขันธ์)","080100","เจียวกู่หลาน(ปัญจขันธ์)","ทั้งเถาแห้ง"
"08","สมุนไพรและเครื่องเทศ (รต.01)","080110","ชะเอมเทศ","080110","ชะเอมเทศ","กิ่งแห้ง"
"08","สมุนไพรและเครื่องเทศ (รต.01)","080120","ชุมเห็ดเทศ","080120","ชุมเห็ดเทศ","ใบแห้ง"
"08","สมุนไพรและเครื่องเทศ (รต.01)","080130","ตะไคร้หอม","080130","ตะไคร้หอม","ใบสด"
"08","สมุนไพรและเครื่องเทศ (รต.01)","080140","เถาเอ็นอ่อน","080140","เถาเอ็นอ่อน","เถาแห้ง"
"08","สมุนไพรและเครื่องเทศ (รต.01)","080150","เทียนกิ่ง","080150","เทียนกิ่ง","กิ่งแห้ง"
"08","สมุนไพรและเครื่องเทศ (รต.01)","080160","บัวบก","080160","บัวบก","ใบ/ต้นสด"
"08","สมุนไพรและเครื่องเทศ (รต.01)","080170","บุก","080170","บุก","เถาสด"
"08","สมุนไพรและเครื่องเทศ (รต.01)","080180","เปราะหอม","080180","เปราะหอม","เหง้าสด"
"08","สมุนไพรและเครื่องเทศ (รต.01)","080190","พญายอ","080190","พญายอ","ใบสด"
"08","สมุนไพรและเครื่องเทศ (รต.01)","080200","พลูคาว","080200","พลูคาว","ใบ/กิ่งสด"
"08","สมุนไพรและเครื่องเทศ (รต.01)","080210","เพชรสังฆาต","080210","เพชรสังฆาต","เถาสด"
"08","สมุนไพรและเครื่องเทศ (รต.01)","080220","ไพล","080220","ไพล","เหง้าสด"
"08","สมุนไพรและเครื่องเทศ (รต.01)","080230","ฟ้าทะลายโจร","080230","ฟ้าทะลายโจร","ใบ/ต้นแห้ง"
"08","สมุนไพรและเครื่องเทศ (รต.01)","080240","มะขามแขก","080240","มะขามแขก","ใบแห้ง ฝักแห้ง"
"08","สมุนไพรและเครื่องเทศ (รต.01)","080250","มะระขี้นก","080250","มะระขี้นก","ผลแห้ง"
"08","สมุนไพรและเครื่องเทศ (รต.01)","080260","เร่ว","080260","เร่ว","รากสด"
"08","สมุนไพรและเครื่องเทศ (รต.01)","080270","ว่านชักมดลูก","080270","ว่านชักมดลูก","เหง้าสด"
"08","สมุนไพรและเครื่องเทศ (รต.01)","080280","ว่านน้ำ","080280","ว่านน้ำ","เหง้าแห้ง"
"08","สมุนไพรและเครื่องเทศ (รต.01)","080290","ว่านหางจระเข้","080290","ว่านหางจระเข้","ใบสด"
"08","สมุนไพรและเครื่องเทศ (รต.01)","080300","สบู่เลือด","080300","สบู่เลือด","หัวสด"
"08","สมุนไพรและเครื่องเทศ (รต.01)","080310","หญ้าหวาน","080310","หญ้าหวาน","ใบแห้ง"
"08","สมุนไพรและเครื่องเทศ (รต.01)","080320","หนอนตายหยาก","080320","หนอนตายหยาก","รากแห้ง"
"08","สมุนไพรและเครื่องเทศ (รต.01)","080330","หางไหล","080330","หางไหล","รากแห้ง"
"08","สมุนไพรและเครื่องเทศ (รต.01)","080340","ออริกาโน","080340","ออริกาโน","ใบและเถาสด"
"08","สมุนไพรและเครื่องเทศ (รต.01)","080350","อัญชัน","080350","อัญชัน","ดอกแห้ง"
"08","สมุนไพรและเครื่องเทศ (รต.01)","080360","คราม","080360","คราม",
"08","สมุนไพรและเครื่องเทศ (รต.01)","089999","สมุนไพรอื่นๆ","089999","สมุนไพรอื่นๆ",
"09","สมุนไพรและเครื่องเทศ (รต.02)","090010","กฤษณา","090010","กฤษณา","เนื้อไม้แห้งที่เกิดสารแล้ว"
"09","สมุนไพรและเครื่องเทศ (รต.02)","090020","กานพลู","090020","กานพลู","ดอกกานพลูแห้ง"
"09","สมุนไพรและเครื่องเทศ (รต.02)","090030","โคคลาน","090030","โคคลาน","เถาแห้ง"
"09","สมุนไพรและเครื่องเทศ (รต.02)","090040","จันทร์เทศ","090040","จันทร์เทศ","ผลสดรกจันทร์เทศแห้งเมล็ดแห้ง"
"09","สมุนไพรและเครื่องเทศ (รต.02)","090050","ดีปลี","090050","ดีปลี","ผลแห้ง"
"09","สมุนไพรและเครื่องเทศ (รต.02)","090060","เถาวัลย์เปรียง","090060","เถาวัลย์เปรียง","เถา"
"09","สมุนไพรและเครื่องเทศ (รต.02)","090070","ฝาง","090070","ฝาง","เปลือกต้นแห้ง"
"09","สมุนไพรและเครื่องเทศ (รต.02)","090080","พริกไทย","090080","พริกไทย","ผลพริกไทยแห้งทั้งเปลือก(สีดำ)"
"09","สมุนไพรและเครื่องเทศ (รต.02)","090090","มะคำดีควาย","090090","มะคำดีควาย","ผลแห้ง"
"09","สมุนไพรและเครื่องเทศ (รต.02)","090100","มะแว้งเครือ","090100","มะแว้งเครือ","ผลแห้ง"
"09","สมุนไพรและเครื่องเทศ (รต.02)","090110","ยอบ้าน","090110","ยอบ้าน","ผลสด"
"09","สมุนไพรและเครื่องเทศ (รต.02)","090120","วานิลลา","090120","วานิลลา","ฝักผ่านกระบวนการบ่ม"
"09","สมุนไพรและเครื่องเทศ (รต.02)","090130","ส้มแขก","090130","ส้มแขก","ผลสด"
"09","สมุนไพรและเครื่องเทศ (รต.02)","090140","สำรอง","090140","สำรอง","ผลแห้ง"
"09","สมุนไพรและเครื่องเทศ (รต.02)","090150","อบเชย","090150","อบเชย","เปลือกต้นแห้งและกิ่ง"
"09","สมุนไพรและเครื่องเทศ (รต.02)","090160","สมุนไพรอื่นๆ","090160","สมุนไพรอื่นๆ",
"09","สมุนไพรและเครื่องเทศ (รต.02)","090170","บอระเพ็ด ","090170","บอระเพ็ด","เถา"
"09","สมุนไพรและเครื่องเทศ (รต.02)","090180","มะแขว่น","090180","มะแขว่น","ดอกแห้ง"
"09","สมุนไพรและเครื่องเทศ (รต.02)","090190","ย่านาง","090190","ย่านาง","ใบสด"
"09","สมุนไพรและเครื่องเทศ (รต.02)","090200","รางจืด","090200","รางจืด","ใบและรากสด"
"09","สมุนไพรและเครื่องเทศ (รต.02)","090210","พลู","090210","พลู","ใบสด"
